,Long,Lat,Model,Bio1,Bio2,Bio3,Bio4,Bio5,Bio6,Bio7,Bio8,Bio9,Bio10,Bio11,Bio12,Bio13,Bio14,Bio15,Bio16,Bio17,Bio18,Bio19,LongitudePoints,LatitudePoints
1,-52.83325479,47.2633216,BioSimMap,5.679023208,8.338812014,27.73735363,734.3700442,21.6179409,-8.460326706,30.0934004,3.324408631,8.918203329,15.04880582,-3.031957135,1424.175804,200.327272,55.98749421,37.96935854,483.5471869,237.356324,318.3291414,389.544351,-52.84,47.25
2,-52.99985862,46.93018947,BioSimMap,5.302936397,8.050478482,27.78025785,714.7045124,20.6059047,-8.462925143,29.05634071,3.294987444,7.726311079,14.5056067,-3.196683842,1473.547986,204.5399404,59.20963664,36.48610836,490.3635031,256.1810708,338.6125673,390.440899,-52.96,46.94
3,-53.24976437,47.42988766,BioSimMap,5.431388448,8.747284529,28.12976223,763.2569372,21.89254635,-9.299943517,31.19961455,2.152727416,8.893197459,15.07318155,-3.648466442,1419.163332,199.4509084,53.30857584,39.12311177,482.215431,229.6747407,314.4533569,395.0738313,-53.23,47.39
4,-53.33306629,46.76362341,BioSimMap,5.370353664,7.866791853,27.61182599,703.0114761,20.21846301,-8.376431384,28.49786861,4.026239738,7.114240247,14.47930103,-3.128221366,1489.140884,202.8261443,60.50906326,35.04618794,486.0418202,262.9153956,352.6139337,384.4187496,-53.36,46.74
5,-53.33306629,47.18003856,BioSimMap,5.428603219,8.382914636,28.08508789,736.9661984,21.07960734,-8.8597681,29.93430352,2.891574915,8.037651947,14.8106866,-3.35815367,1470.939258,204.5580031,58.06041797,36.75325975,493.2470718,249.9435935,341.1272698,399.4611452,-53.37,47.2
6,-53.58297204,47.2633216,BioSimMap,5.666633013,8.024688128,27.67697274,720.9363567,20.65411191,-8.421167688,29.05360687,3.80523896,7.710189937,14.85529553,-2.991425874,1463.984819,205.8196575,56.62651081,37.5652891,490.9803296,245.4344036,345.578901,390.7019426,-53.55,47.22
7,-53.66627396,47.18003856,BioSimMap,5.47813997,7.944819916,27.46461966,722.6530375,20.45242956,-8.574510586,28.98280069,3.635238946,7.513175763,14.71100419,-3.206585966,1489.933445,207.6143896,58.22280139,36.69606646,496.1368698,253.7761156,351.9791907,394.0627869,-53.62,47.21
8,-53.66627396,47.51317069,BioSimMap,5.535353416,8.311181196,27.78332538,741.0279452,20.91736961,-9.047318505,29.95777223,2.751076144,8.202264296,14.88498164,-3.417983187,1418.563932,201.932638,55.63244782,38.06450974,480.0655562,235.804229,333.4933382,381.6458175,-53.68,47.51
9,-53.83287779,47.2633216,BioSimMap,5.341712771,8.004373702,27.31401681,734.6219646,20.47961956,-8.931679912,29.34595731,3.485481757,7.391562703,14.70874216,-3.509676692,1486.835333,207.3164751,57.28089035,37.06560405,495.947026,249.3934605,348.4406236,392.136619,-53.8,47.29
10,-53.83287779,47.2633216,BioSimMap,5.341712771,8.004373702,27.31401681,734.6219646,20.47961956,-8.931679912,29.34595731,3.485481757,7.391562703,14.70874216,-3.509676692,1486.835333,207.3164751,57.28089035,37.06560405,495.947026,249.3934605,348.4406236,392.136619,-53.8,47.29
11,-53.83287779,47.34660463,BioSimMap,5.367103943,8.039351847,27.32979309,738.5700966,20.55043928,-8.973684858,29.47183274,3.434356749,7.406912996,14.75681689,-3.522319964,1470.332299,205.7890331,56.21289737,37.43820818,492.588364,244.6925343,343.894676,389.8948409,-53.87,47.35
12,-53.83287779,47.51317069,BioSimMap,5.17341287,8.279951189,27.378574,756.8239091,20.81149185,-9.53373966,30.28501041,2.392384644,7.883393589,14.72328337,-3.95929113,1438.176737,202.1492458,55.94426085,37.39849546,483.9181117,239.9741326,332.642162,385.3189783,-53.89,47.54
13,-53.9161797,47.2633216,BioSimMap,5.640244705,7.742597208,27.1066715,715.7549736,20.2549606,-8.39874299,28.59076728,4.45969039,7.429994219,14.76940539,-3.03914951,1477.076484,206.4064037,56.83966683,37.37580872,490.7065623,247.7461555,350.4049984,380.4115366,-53.88,47.23
14,-53.99948162,46.93018947,BioSimMap,4.989541368,8.02681253,27.15251746,736.0811485,20.2839462,-9.369673392,29.52443095,3.000459862,7.433143841,14.45028852,-3.970195523,1528.241988,209.5803249,61.11044018,35.47113526,500.0448973,263.4991329,358.9046854,391.7591047,-53.97,46.89
15,-53.99948162,47.18003856,BioSimMap,5.417130307,7.822902796,27.05475714,723.4888395,20.2471634,-8.760274782,28.91910344,3.991192847,7.504332052,14.65472061,-3.375900122,1499.612766,208.4041223,58.47028486,36.80949206,495.6159556,253.5625834,353.759999,384.1737422,-54.03,47.18
16,-53.99948162,47.92958585,BioSimMap,4.782737086,8.872939622,27.34605561,800.6325177,21.68746404,-10.88408977,32.57008008,2.10026202,6.980156893,14.75597623,-4.903763143,1347.765009,187.909119,53.76258069,36.03489155,447.0800915,234.0218673,316.0117924,355.2024949,-53.96,47.97
17,-53.99948162,48.67913313,BioSimMap,4.972982564,9.030621819,26.56325573,838.0116026,22.65564253,-11.35540282,34.09805303,4.590166526,5.437334742,15.30452486,-5.104814448,1146.214043,163.2283757,44.25195043,37.19814654,381.920195,199.9729129,284.4662937,280.2557403,-54,48.67
18,-54.08278354,47.09675553,BioSimMap,5.534663852,7.722101688,26.98608417,713.0223061,20.14441141,-8.553918408,28.58677985,4.395859547,7.606243634,14.65879552,-3.179498232,1504.023616,209.0565334,59.04675181,36.76984145,494.6812685,255.5951739,357.1130799,378.4388677,-54.06,47.12
19,-54.16608545,46.93018947,BioSimMap,5.406673024,7.73470446,26.92413563,713.3422971,20.08324777,-8.714194868,28.66211659,4.223460575,7.610837176,14.57376189,-3.348375992,1512.492372,209.0393632,60.19145761,36.32019076,494.291457,259.3044657,360.2984388,376.4738033,-54.16,46.96
20,-54.16608545,47.92958585,BioSimMap,4.738251012,8.801279545,27.13967063,802.9007658,21.55786686,-10.96970992,32.51454265,2.025641045,6.948466244,14.71957297,-5.001598818,1353.355475,188.7717825,53.78736491,36.12881018,448.5971739,234.944643,316.288575,354.9706562,-54.17,47.89
21,-54.24938737,47.92958585,BioSimMap,4.729800899,8.753816581,27.02575032,803.0073361,21.48093703,-10.99040128,32.45255214,2.038769476,6.947525647,14.7032256,-5.028304513,1357.217145,189.4634541,53.87616497,36.20825577,449.7991579,235.6239166,317.2431343,355.0321514,-54.27,47.93
22,-54.33268929,47.67973675,BioSimMap,5.216486163,8.305234188,26.88913531,767.1880374,20.90704569,-9.990095034,30.85049541,3.427357953,7.596177264,14.77192904,-4.177314814,1432.656676,202.4869281,56.18601478,36.91625083,474.7328305,246.9302078,339.5059922,363.7894224,-54.36,47.71
23,-54.66589695,47.42988766,BioSimMap,5.297361217,8.164394472,26.73526313,760.6506631,20.68002919,-9.792757197,30.48489761,4.0726737,8.274944293,14.75238735,-4.033988903,1513.827875,214.4623398,59.45694942,37.18268771,500.3166526,259.0354209,353.8468192,371.4996623,-54.69,47.44
24,-54.66589695,47.42988766,BioSimMap,5.297361217,8.164394472,26.73526313,760.6506631,20.68002919,-9.792757197,30.48489761,4.0726737,8.274944293,14.75238735,-4.033988903,1513.827875,214.4623398,59.45694942,37.18268771,500.3166526,259.0354209,353.8468192,371.4996623,-54.69,47.44
25,-54.74919887,47.51317069,BioSimMap,4.738154464,8.321403678,26.52140938,789.2159498,20.65943532,-10.68269074,31.34897106,2.607442352,8.397116379,14.51038982,-4.891369139,1544.185589,218.6023251,60.81024668,36.97860648,512.4804628,265.5172395,355.1112455,388.2877863,-54.73,47.51
26,-54.9158027,47.34660463,BioSimMap,5.379808525,8.252929653,26.89388945,760.763785,20.81004645,-9.685515148,30.59872167,4.165443186,8.690491845,14.82204723,-3.934697712,1525.386591,216.5449208,60.62218871,37.31627162,507.430108,259.4364125,352.3936209,371.3383406,-54.92,47.37
27,-54.9158027,47.84630282,BioSimMap,4.549633305,8.597566453,26.52323318,812.3272378,20.96883797,-11.41768776,32.38920384,1.84168912,8.510495789,14.54995148,-5.390137027,1509.187953,216.0481158,59.70777219,37.96927624,506.6626334,260.2780881,348.9669108,392.7138236,-54.94,47.82
28,-54.9158027,49.26211435,BioSimMap,4.677452977,8.802773115,25.27219209,864.9338319,22.75107863,-12.11984201,34.88615925,5.653957637,3.069034979,15.37505503,-5.786367184,1166.164512,168.4160095,43.79308784,38.19631028,386.8787574,200.4819109,306.2309682,270.4473062,-54.93,49.28
29,-54.99910462,47.34660463,BioSimMap,4.740502189,8.337769822,26.61461751,784.270353,20.58276921,-10.59531571,31.2593268,2.946074792,8.465192727,14.48058105,-4.840080703,1542.862924,218.4286279,61.97657669,36.93908584,514.1372748,263.85358,351.366579,382.3406841,-54.99,47.33
30,-54.99910462,47.34660463,BioSimMap,4.740502189,8.337769822,26.61461751,784.270353,20.58276921,-10.59531571,31.2593268,2.946074792,8.465192727,14.48058105,-4.840080703,1542.862924,218.4286279,61.97657669,36.93908584,514.1372748,263.85358,351.366579,382.3406841,-54.99,47.33
31,-55.16570845,47.09675553,BioSimMap,5.288872405,7.778283922,26.20598091,742.6613829,20.30222055,-9.315917957,29.5627126,3.915943222,8.677519932,14.66448912,-3.832564398,1524.181289,212.40947,60.27446551,37.75021883,506.8534144,261.0466506,359.202384,368.3119354,-55.18,47.07
32,-55.24901037,47.09675553,BioSimMap,5.477291189,7.72501799,26.1914169,735.0339951,20.35908313,-9.045068311,29.34029775,4.254732741,8.799399951,14.77111472,-3.56460348,1516.725696,211.0208422,59.47569959,38.09544419,503.4831,259.6466431,360.5739776,363.6639188,-55.26,47.13
33,-55.24901037,47.09675553,BioSimMap,5.477291189,7.72501799,26.1914169,735.0339951,20.35908313,-9.045068311,29.34029775,4.254732741,8.799399951,14.77111472,-3.56460348,1516.725696,211.0208422,59.47569959,38.09544419,503.4831,259.6466431,360.5739776,363.6639188,-55.26,47.13
34,-55.33231228,47.18003856,BioSimMap,5.299808054,7.85153867,26.19316269,748.0851024,20.3647922,-9.45987249,29.80525012,4.091455301,8.33196269,14.70214474,-3.878361269,1528.381124,213.9271335,60.11036891,37.77817926,507.9347772,262.7799763,363.775148,370.4620466,-55.32,47.17
35,-55.33231228,47.18003856,BioSimMap,5.299808054,7.85153867,26.19316269,748.0851024,20.3647922,-9.45987249,29.80525012,4.091455301,8.33196269,14.70214474,-3.878361269,1528.381124,213.9271335,60.11036891,37.77817926,507.9347772,262.7799763,363.775148,370.4620466,-55.32,47.17
36,-55.33231228,47.76301979,BioSimMap,5.052625755,8.2115671,26.19291938,787.033809,20.8064164,-10.47184288,31.27451031,2.722395695,8.819301304,14.78273445,-4.580598808,1564.309079,227.48878,61.46613782,39.04516108,527.9996211,266.2209884,367.3359937,402.4632006,-55.36,47.73
37,-55.4156142,47.76301979,BioSimMap,4.557451068,8.146642801,25.78983753,800.6784177,20.47963682,-11.10295083,31.54321019,1.668699217,8.62303614,14.45198727,-5.231727042,1571.22848,229.3433302,62.22566828,39.10649765,530.7568657,267.5707025,364.2763947,408.0291904,-55.44,47.73
38,-55.49891612,46.93018947,BioSimMap,5.301399906,7.568309854,25.8791375,730.2669648,20.01822867,-9.165450666,29.06020323,3.938617101,8.32616392,14.614964,-3.740231197,1534.405223,214.5842689,60.96705832,38.01474539,511.4131708,267.6391907,375.886577,368.1098968,-55.54,46.95
39,-55.49891612,47.67973675,BioSimMap,4.489651773,7.847637781,25.31793092,793.0865627,20.12203575,-10.89888442,30.95341752,1.718377874,8.453789417,14.3257554,-5.194893692,1580.293502,229.4957368,61.85079412,39.18403458,532.2821901,268.2314665,366.6006671,407.5664304,-55.48,47.67
40,-55.66551995,47.92958585,BioSimMap,5.065185058,8.903915289,27.01443026,809.9528124,21.57790812,-11.31669032,32.9399649,2.157191858,8.421514049,15.00882209,-4.894634715,1518.130705,227.4801252,61.34176329,39.64014895,516.2347211,258.6711655,357.0370677,394.9970469,-55.7,47.91
41,-55.74882187,46.93018947,BioSimMap,5.013996828,7.306401939,25.11632952,731.6136326,19.67376369,-9.398946111,28.87601327,3.563465615,7.920264345,14.4095783,-4.084868681,1562.351969,220.3541122,61.62549396,38.39584281,522.736442,271.6837664,380.0947426,378.739154,-55.78,46.88
42,-55.74882187,46.93018947,BioSimMap,5.013996828,7.306401939,25.11632952,731.6136326,19.67376369,-9.398946111,28.87601327,3.563465615,7.920264345,14.4095783,-4.084868681,1562.351969,220.3541122,61.62549396,38.39584281,522.736442,271.6837664,380.0947426,378.739154,-55.78,46.88
43,-55.74882187,47.09675553,BioSimMap,5.404909175,7.161062089,25.0912317,720.6797381,19.75322956,-8.733357744,28.36387709,4.209967581,8.197362083,14.61093847,-3.492057196,1573.968699,222.7098534,60.96677445,38.89554359,527.6549497,270.7639259,381.1416317,381.4425797,-55.76,47.09
44,-55.74882187,48.01286888,BioSimMap,3.708017413,8.890421088,26.1869404,848.9733351,20.85290979,-13.12619945,33.94827061,-0.433443153,7.25923885,14.11078158,-6.715086832,1502.738302,225.479577,62.07335663,38.99302692,509.9764471,256.9831986,345.1563084,400.8329717,-55.79,48.01
45,-55.83212378,46.93018947,BioSimMap,4.85337501,7.344830234,25.03838721,738.1272717,19.63846267,-9.694831592,29.1108184,3.335827549,7.750799158,14.33430744,-4.344884198,1568.730484,220.1504327,61.67886808,38.4013001,524.634907,271.9557331,379.7221836,381.4453843,-55.86,46.88
46,-55.83212378,52.26030349,BioSimMap,0.915321362,8.664856062,23.1879921,938.4114216,19.01893604,-18.39973357,37.45545513,4.016951067,-3.487669822,12.1323038,-10.93179638,918.4477271,143.0516458,26.99870461,45.46517609,320.0949826,145.8558377,247.2618509,198.6680407,-55.84,52.23
47,-56.16533145,49.67852951,BioSimMap,2.47104623,8.596049646,24.54854988,884.1668701,20.85504104,-14.26386852,35.09761308,4.816841457,-0.028861505,13.53115973,-8.165077884,1140.780367,168.7882192,40.53226752,39.85740327,386.6397102,192.4148857,301.2966201,267.6886251,-56.17,49.62
48,-56.16533145,50.92777498,BioSimMap,2.195291557,7.553137919,21.96228162,885.2840383,19.27992621,-15.18590079,34.41435079,3.617241137,0.229654775,13.03870531,-8.814758818,1104.928523,167.7969193,39.70844487,41.67781365,382.9225047,180.2149749,293.8107147,267.0050468,-56.15,50.9
49,-56.33193528,53.59283199,BioSimMap,0.1686331,8.770644956,22.77333385,976.0475672,18.78399244,-19.82815819,38.62856409,2.323606025,-3.133322756,11.57421666,-12.34100928,1037.642752,157.7413481,33.38461475,43.30051892,353.2679957,165.1164399,280.4734691,232.2107573,-56.35,53.57
50,-56.58184103,48.01286888,BioSimMap,3.279933697,8.913977414,25.6863788,875.8685466,20.653638,-14.06846312,34.7419495,1.064999419,5.384792494,13.9292958,-7.478506681,1442.674549,209.2387211,58.55588825,37.21769514,480.2584042,251.7755447,340.1708728,371.6862622,-56.57,48.02
51,-56.74844486,51.17762408,BioSimMap,1.81875751,7.379227266,21.58936291,893.9349782,18.23680771,-16.05397699,34.24063831,5.008885901,-0.662280684,12.63637794,-9.453033785,1088.605222,162.0677107,40.12643337,39.20224315,371.7084909,183.2270495,309.0192603,262.7813242,-56.76,51.19
52,-56.83174678,51.5107562,BioSimMap,1.193004046,7.622594461,22.04091198,903.0162934,17.61866809,-17.14266847,34.69540689,3.528971595,-0.106206781,12.01236404,-10.30432639,1069.183536,162.2360107,38.55269334,40.61284009,364.5303419,177.8324797,298.0062542,265.6819778,-56.82,51.53
53,-56.9150487,47.76301979,BioSimMap,3.927201289,8.041851207,24.98931699,822.1195068,19.89176411,-12.254063,32.13789214,1.905538265,5.469434015,14.00113801,-6.179223084,1573.099612,225.5018448,61.56951486,37.50286479,529.9329819,270.0919067,369.6847467,395.0246355,-56.93,47.77
54,-56.9150487,51.5107562,BioSimMap,0.636255509,7.842535065,22.38690758,916.4425138,17.36786214,-17.78872778,35.12395868,2.700645145,-0.398901125,11.60667454,-10.96903974,1045.499165,156.6471485,38.30497202,39.87714488,354.0519789,176.2363043,289.5595517,263.0302424,-56.94,51.48
55,-57.08165253,49.51196345,BioSimMap,3.810915546,8.960902668,25.36381935,875.3161591,21.98095261,-13.40835177,35.35741225,7.180667118,0.353956598,14.58198619,-6.903898844,1160.840557,164.5073871,42.73743178,38.98137897,399.8755225,185.3888868,318.4631683,256.3797114,-57.1,49.55
56,-57.16495445,50.59464286,BioSimMap,2.450863726,8.148724823,23.3356407,891.8459413,19.66422016,-15.3217197,34.91936679,6.035662609,-1.132535082,13.32115592,-8.676468657,1103.986471,163.093514,39.98240103,39.1657212,374.816573,181.0980868,311.2972751,250.3474664,-57.17,50.63
57,-57.24825636,47.84630282,BioSimMap,3.135509633,8.358454123,24.97232916,861.8735798,19.89574567,-13.61540673,33.50371072,1.160184951,4.012596664,13.66089046,-7.423828776,1525.323912,219.754287,60.31671971,37.28563388,514.330122,262.652113,364.7363285,379.9981552,-57.28,47.87
58,-57.24825636,53.42626593,BioSimMap,0.198586131,8.836728654,22.87622401,978.7301993,18.86755543,-19.86271751,38.75286247,2.27230544,-3.067670449,11.60997735,-12.34625215,1038.14251,157.795859,33.14513647,43.50019576,354.4769443,164.9575019,280.0786445,231.2806275,-57.25,53.42
59,-57.49816211,53.50954896,BioSimMap,0.063995195,8.898973174,22.79318298,991.8992607,18.93104274,-20.20613426,39.14567496,2.669990419,-3.296466371,11.63100545,-12.67050657,1031.465271,155.6487671,32.91498166,43.16751638,350.933759,164.1563641,280.5417808,229.0548247,-57.47,53.53
60,-57.58146403,49.42868042,BioSimMap,2.81892289,8.38611868,23.9460252,905.2783888,21.00519041,-14.11310038,35.03134132,4.719400121,-0.089887137,13.98071022,-8.172452275,1163.606378,166.6985753,43.07966209,38.53555689,398.1585842,187.4177747,317.6503497,270.4751237,-57.61,49.4
61,-57.66476594,49.34539738,BioSimMap,3.404181608,8.576415609,24.58296887,892.9210592,21.37438318,-13.62761658,34.92707639,5.859651622,0.384683565,14.38548021,-7.489992316,1173.291368,168.2521705,42.81648975,38.99790373,403.3850447,186.4624922,320.7907864,271.9688015,-57.65,49.36
62,-57.74806786,47.92958585,BioSimMap,2.762275529,8.621625412,25.00734278,890.0117649,20.20235466,-14.28482933,34.47374972,0.776728294,3.207555634,13.65239278,-8.11736072,1478.891599,211.4801305,59.47251529,36.51204402,497.0425482,254.436452,358.7508657,364.4105031,-57.72,47.89
63,-57.74806786,49.67852951,BioSimMap,1.077481873,7.664107044,21.60823827,950.3111513,19.63464616,-15.69554883,35.2106554,2.389706245,-0.927330128,12.90719339,-10.35615356,1091.251996,152.9725969,41.29325946,36.81326122,362.8253278,180.6508421,285.466303,270.1762708,-57.76,49.65
64,-57.74806786,49.67852951,BioSimMap,1.077481873,7.664107044,21.60823827,950.3111513,19.63464616,-15.69554883,35.2106554,2.389706245,-0.927330128,12.90719339,-10.35615356,1091.251996,152.9725969,41.29325946,36.81326122,362.8253278,180.6508421,285.466303,270.1762708,-57.76,49.65
65,-57.74806786,49.67852951,BioSimMap,1.077481873,7.664107044,21.60823827,950.3111513,19.63464616,-15.69554883,35.2106554,2.389706245,-0.927330128,12.90719339,-10.35615356,1091.251996,152.9725969,41.29325946,36.81326122,362.8253278,180.6508421,285.466303,270.1762708,-57.76,49.65
66,-57.83136978,49.76181254,BioSimMap,3.772106723,8.088033711,23.82475304,866.2769239,20.86001531,-13.21723154,33.84700826,6.037135207,1.134990442,14.46248808,-6.97907617,1176.815586,171.4000639,41.56319037,39.84912905,406.9030546,186.1749379,321.4779604,270.7167252,-57.87,49.75
67,-57.83136978,54.17581321,BioSimMap,-0.31198752,8.169108949,21.14883516,1008.16718,18.41852367,-20.23754239,38.65791498,3.41128018,-4.155392708,11.49014331,-13.24476368,1007.419925,146.8086918,32.65500723,41.16968476,338.9049537,162.0793258,279.6005837,225.7714492,-57.87,54.24
68,-57.99797361,47.76301979,BioSimMap,3.932863497,7.498650097,23.93937925,818.0372166,19.70778586,-11.6234851,31.24719257,2.108748902,4.570976217,14.0637622,-6.089141148,1544.453503,222.0125204,60.32160643,36.87227356,523.1957397,264.9946349,373.2529423,376.3447664,-58.03,47.75
69,-57.99797361,49.34539738,BioSimMap,2.557437472,8.184494251,23.269096,924.6586497,20.81437055,-14.37278431,35.07334458,3.055296212,0.801596528,13.98173958,-8.640082173,1156.371637,164.1134264,42.80321633,38.2039192,390.9581865,185.8192429,301.0751518,285.1000154,-57.96,49.37
70,-58.16457744,47.67973675,BioSimMap,4.895801405,6.864786811,23.54732281,767.54392,19.53186375,-9.734537962,29.187149,3.186879477,5.367719121,14.44646384,-4.534176355,1575.081492,226.68481,60.83413343,37.34593503,537.2302931,269.5780163,382.0857358,381.020321,-58.15,47.7
71,-58.24787936,47.76301979,BioSimMap,4.324607989,7.250940742,23.71986906,807.4229751,19.79205583,-10.87252763,30.60246165,2.156111535,5.230106913,14.31212604,-5.531471549,1520.912782,217.4058719,60.07686992,36.55150697,516.9197112,262.5356401,368.067758,371.8174997,-58.25,47.77
72,-58.24787936,47.84630282,BioSimMap,3.120695754,7.889965162,23.95510962,871.8935368,19.94152162,-13.05740477,32.96942976,0.640510041,4.67489201,13.85615174,-7.456496867,1458.69347,206.4506013,58.65419574,35.59656008,491.9904845,253.5091374,350.1920363,361.8705273,-58.24,47.87
73,-58.49778511,47.67973675,BioSimMap,4.727313658,7.216426012,23.79044961,793.8006264,20.08222133,-10.29764161,30.30321577,2.408946524,5.765747358,14.6037646,-5.018573557,1518.478706,219.5742247,59.03641761,37.82518312,520.3730216,260.4659535,362.6523999,370.8709728,-58.48,47.67
74,-58.49778511,47.76301979,BioSimMap,3.999879703,7.687205326,24.03308157,837.5174397,20.29526645,-11.68833761,31.93638332,1.365649732,5.357725845,14.3665958,-6.226733591,1472.778558,211.8957564,58.27508857,37.1280813,502.1965555,253.6878104,349.8659821,364.0170303,-58.53,47.75
75,-58.49778511,48.92898223,BioSimMap,4.781005871,8.453053091,24.98669485,866.8119939,22.07553454,-11.7326578,33.70009701,6.233812249,3.45716394,15.4193744,-5.824230496,1271.04747,186.6229136,46.82659787,39.51536788,434.7096654,204.2734805,335.4275088,312.9654567,-58.51,48.94
76,-58.58108702,48.34600101,BioSimMap,4.562263157,8.302371351,25.07271013,858.7020785,21.50874361,-11.686024,33.16886888,6.249012927,3.751339878,15.08132227,-5.935858058,1323.564143,189.7166566,48.36852439,38.41621394,447.3225083,213.4799098,342.9218385,327.1284972,-58.58,48.41
77,-58.83099277,47.67973675,BioSimMap,3.956196192,7.973911704,24.30212909,853.0960798,20.7831232,-12.0081904,32.73876707,0.666927425,6.13765998,14.54479308,-6.483116679,1454.073978,213.1500676,56.7989922,38.78710756,501.3652351,247.2441043,333.8524888,363.9400389,-58.83,47.63
78,-58.99759661,47.59645372,BioSimMap,5.219764616,7.4549954,24.24865178,795.4570298,20.85753692,-9.888058488,30.68887571,2.345910404,7.290246371,15.15034603,-4.560120466,1502.210339,222.8814452,56.44837654,40.45882788,524.7879043,251.4376714,346.4052652,374.5359657,-59.01,47.59
79,-58.99759661,54.84207746,BioSimMap,-0.851104157,7.506760923,19.45860358,1040.489261,17.83104387,-20.66489994,38.49677002,3.793032536,-3.583390749,11.28990325,-14.16103507,957.708968,148.0972098,28.00551803,44.83407342,333.6819908,151.2750623,271.3447962,221.375187,-58.94,54.84
80,-59.16420044,47.59645372,BioSimMap,5.421292311,7.450665241,24.29556195,793.3422747,21.03511652,-9.645312635,30.6297392,2.57692743,7.66535678,15.32475062,-4.326730577,1498.975681,223.8297391,55.83724687,41.08427304,526.5317137,248.8632693,343.7675335,376.3518971,-59.13,47.63
81,-59.16420044,47.84630282,BioSimMap,5.113712735,7.756655786,24.65116236,814.5796092,21.21225422,-10.26455091,31.4628836,2.329833665,7.135336186,15.20220198,-4.855240514,1428.008325,215.204658,53.53156969,40.75595684,499.9438975,235.3850327,332.3095807,360.5996645,-59.15,47.83
82,-59.16420044,47.84630282,BioSimMap,5.113712735,7.756655786,24.65116236,814.5796092,21.21225422,-10.26455091,31.4628836,2.329833665,7.135336186,15.20220198,-4.855240514,1428.008325,215.204658,53.53156969,40.75595684,499.9438975,235.3850327,332.3095807,360.5996645,-59.15,47.83
83,-59.24750236,47.67973675,BioSimMap,3.438514994,8.440152413,24.47379201,897.4953301,21.3017313,-13.20605734,34.44026249,-0.126180661,6.419293593,14.55850269,-7.513897419,1413.809043,209.1827259,55.42857747,39.51122656,492.3077966,237.7548783,315.118323,362.8185589,-59.3,47.67
84,-59.74731385,55.00864353,BioSimMap,-1.272381655,7.562549986,19.45987994,1053.064535,17.48328621,-21.37497458,38.8552301,2.173973962,-4.047758844,11.00524837,-14.78582252,921.7911347,146.2375728,26.55248481,46.24621512,326.9322197,143.9062468,262.3957819,215.8471309,-59.75,54.97
85,-59.91391769,53.42626593,BioSimMap,-0.002615441,9.443410955,21.78053893,1164.078728,20.96523611,-22.41823999,43.4644767,11.07445605,-6.538372115,13.53802576,-14.82118238,955.9904487,144.7360646,29.77993691,43.44412594,339.1153148,148.0966923,302.7554321,195.355521,-59.91,53.48
86,-60.08052152,53.84268109,BioSimMap,-0.928130371,9.16554886,21.41241711,1149.578843,19.77573409,-23.07161687,42.89244108,10.14953086,-6.781818297,12.47293903,-15.60148867,929.7337021,137.5323099,29.77134719,41.82837686,324.2487116,147.7127563,289.940516,195.0575578,-60.09,53.87
87,-60.16382344,53.75939806,BioSimMap,-0.862886134,9.28829606,21.54535526,1158.415368,19.99818397,-23.16445976,43.21515079,10.39863846,-6.912110807,12.64024814,-15.63251128,930.1017858,138.2107056,29.64178213,42.19106051,325.9682386,146.9692989,291.6072898,193.5161146,-60.14,53.79
88,-60.41372919,46.59705734,BioSimMap,5.100305185,8.736638802,24.77512829,916.78362,23.55683773,-11.76053415,35.33452546,0.363422659,11.58987592,16.42463686,-5.946637834,1572.899438,247.8976675,56.45666341,44.1745425,567.5461545,245.4530323,311.9707958,425.6680588,-60.45,46.62
89,-60.41372919,46.68034038,BioSimMap,6.343898517,7.186977433,23.08271148,825.3966079,22.39953376,-9.13890292,31.57864171,2.890060501,10.76355679,16.73482334,-3.632051418,1613.44255,256.6092049,56.26476269,45.36805879,587.3615626,250.0973801,329.7564509,417.8885014,-60.41,46.66
90,-60.41372919,53.17641683,BioSimMap,0.072636532,9.692237784,21.96346785,1186.604482,21.40070827,-22.80605318,44.25994529,11.20222127,-6.27340814,13.90381557,-15.07607113,951.7611545,147.9014543,28.31604392,45.46411375,343.4660324,143.411705,306.7290661,190.9830218,-60.42,53.25
91,-60.41372919,53.59283199,BioSimMap,-0.521662183,9.447994093,21.675588,1174.710961,20.57705912,-23.06307544,43.71818589,10.83962474,-6.688092915,13.13909586,-15.46109074,936.3436428,141.9037009,28.9714817,43.69660889,333.2476211,144.6541095,297.5158918,192.229736,-60.42,53.62
92,-60.58033302,46.84690644,BioSimMap,5.758941569,7.510480951,23.17986363,856.9769793,22.43866358,-10.17754849,32.57136191,2.102289117,10.74472918,16.4498732,-4.629565823,1552.73679,241.2621229,55.15773638,43.93247102,565.4349402,240.1249207,319.3802099,407.9490442,-60.61,46.83
93,-60.66363494,55.59162475,BioSimMap,-1.618949667,7.503510766,19.55734155,1042.720907,16.68857112,-21.73693238,38.42006441,0.184306126,-4.590023745,10.4572492,-15.07061219,880.5065337,140.655151,24.25801584,47.39118664,313.7820513,135.5045747,245.0846491,206.1219039,-60.67,55.57
94,-60.74693685,53.3429829,BioSimMap,-0.092636105,9.585251587,21.79625153,1185.10245,21.14097958,-22.91580535,44.10784121,10.81838997,-6.486561042,13.69625045,-15.22051179,945.5091836,146.5724677,28.31012854,45.18974821,341.244282,143.105396,303.8047735,190.6618745,-60.71,53.34
95,-60.83023877,46.09735915,BioSimMap,6.288062619,8.096749352,24.65344271,854.4146684,23.10319784,-10.00396673,33.13207529,3.762202064,10.79673429,16.8461133,-4.131248093,1416.126904,214.1826797,51.31564112,40.47058836,488.7413605,234.638296,313.8522994,354.9220276,-60.84,46.1
96,-60.83023877,53.84268109,BioSimMap,-0.248572099,9.07753813,21.24611213,1153.522127,20.33196007,-22.41190885,42.81723255,10.48127917,-6.160688202,13.13075405,-14.97994026,943.8448382,142.4909891,29.40137451,43.29588974,333.8782006,147.2407924,297.1325587,194.8129578,-60.83,53.87
97,-60.91354068,46.43049128,BioSimMap,5.459276537,8.469558553,24.50859554,903.2852158,23.2903233,-11.41391808,34.67015439,1.940634009,11.00542945,16.54572429,-5.532740227,1433.919484,217.8483634,53.08754474,40.96703394,507.7753631,230.5744837,305.8135179,373.4916248,-60.92,46.47
98,-60.91354068,46.68034038,BioSimMap,4.977704798,8.456811975,24.09119411,924.205032,23.12364062,-12.02465255,35.04998454,0.932219062,11.08899812,16.28652345,-6.23654337,1449.653299,220.3535979,53.74052434,41.48373418,521.1158671,228.8122253,300.4184135,386.8393331,-60.95,46.64
99,-60.9968426,53.92596412,BioSimMap,-0.479830638,9.080921627,21.23432187,1153.999741,20.09320896,-22.69992654,42.84302753,9.928186963,-6.365029935,12.92520072,-15.24044759,930.4027531,140.1002223,29.20321422,42.93405147,327.9805268,146.3363629,292.8618402,192.8721114,-61,53.93
100,-61.08014452,46.26392522,BioSimMap,5.550085219,9.022737922,25.48443948,913.4914789,23.80319223,-11.72505507,35.55580088,2.388617737,10.8854208,16.67786563,-5.606942846,1377.134076,207.0978025,52.29110187,39.39791084,480.4116583,227.6486087,304.215463,352.9480643,-61.12,46.24
101,-61.08014452,53.75939806,BioSimMap,-1.437804453,9.647961291,21.76912038,1189.074959,19.95917576,-24.41281607,44.38034979,9.76167129,-7.784533299,12.48627658,-16.65257424,896.5313468,136.0633954,28.32784781,43.10234837,317.9427259,140.5773716,286.6456515,184.1353572,-61.04,53.74
102,-61.24674835,45.59766097,BioSimMap,6.557974525,7.991788015,24.21668718,856.2741937,23.32715258,-9.69409446,33.04253662,4.729159509,9.80084537,17.13966953,-3.886366463,1375.372715,209.6678314,51.20917348,40.33794845,476.0260144,236.0423227,307.2563469,320.2804532,-61.23,45.6
103,-61.33005027,46.01407612,BioSimMap,5.880501829,9.305853588,25.97674035,916.8400551,24.27660547,-11.63754333,36.02448943,3.353732984,10.37152433,16.99219113,-5.334213356,1318.608797,199.0629354,50.63405944,38.70857034,455.9752815,225.0074068,300.554079,324.9010177,-61.31,46.04
104,-61.4966541,45.84751006,BioSimMap,6.442291457,8.916846834,25.44137471,897.9673655,24.27710147,-10.81825645,35.2480954,4.665237023,9.547344446,17.35966622,-4.532503428,1300.246045,200.0042881,48.58175133,40.00147708,452.1155269,223.6956996,299.2619387,305.463415,-61.49,45.86
105,-61.74655985,50.09494467,BioSimMap,1.65883581,8.963627164,23.17386534,1011.819827,19.64556731,-19.15718388,38.81036693,6.321337176,-3.363350133,13.55371029,-11.26306402,1020.406192,157.4842261,30.4863916,44.55319577,361.1885912,154.1079009,272.0781276,206.5076202,-61.8,50.12
106,-61.9964656,45.09796278,BioSimMap,6.443257611,9.383609179,26.89553796,871.3626545,23.95757689,-10.97641174,34.95883504,4.971918005,9.047793925,17.08891373,-4.292939352,1367.703369,216.6020389,46.28805119,43.4394816,484.9737244,221.3661879,297.7571393,322.4220964,-61.96,45.1
107,-62.24637135,46.43049128,BioSimMap,6.19110176,8.271066387,23.18723855,938.7665524,24.06810472,-11.6015134,35.68062019,4.424274468,8.749370164,17.57040433,-5.313628993,1181.39687,184.4131674,41.54634497,41.43039745,413.1048227,196.0440696,270.6771914,288.2151761,-62.21,46.45
108,-62.57957901,44.93139671,BioSimMap,6.327576416,9.962984643,28.17405938,865.3636296,23.98961142,-11.41060279,35.41043696,5.169508369,10.47849888,16.89165004,-4.357335969,1411.215329,219.2966621,49.16295796,42.6028521,497.8246988,229.6331372,307.7175371,349.6323562,-62.59,44.95
109,-62.57957901,46.34720825,BioSimMap,6.299802152,8.154742497,22.70929774,948.9548474,24.15918104,-11.71443437,35.87645052,4.771153754,8.619831495,17.78018312,-5.355928438,1133.274905,175.3092945,38.43400197,41.79918973,393.3323937,188.129458,261.2685078,275.1586754,-62.57,46.38
110,-62.74618285,46.26392522,BioSimMap,6.200239391,8.253212626,22.59767793,960.9890717,24.30564304,-12.02171063,36.28875095,4.343993098,8.925667371,17.84325279,-5.622923694,1151.592983,176.8671203,38.94650964,41.85904475,399.3307361,190.454176,259.8145506,281.7492058,-62.71,46.3
111,-62.91278668,45.51437793,BioSimMap,6.202603654,9.892789329,26.48272482,939.9766965,24.98145136,-12.44352049,37.43663081,5.293989214,10.51868349,17.57776898,-5.401377416,1251.015859,197.4467411,45.05784816,43.01100466,441.2733958,209.9684082,284.2013315,314.0162476,-62.88,45.54
112,-62.91278668,50.34479376,BioSimMap,1.403794635,9.241012317,23.59887481,1025.184942,19.71842733,-19.58434424,39.32340222,5.349167941,-5.864000172,13.36750519,-11.74714979,1016.700611,158.9609462,29.69595858,47.10935816,357.5851597,142.1433359,278.3039551,191.4475842,-62.88,50.28
113,-63.32929626,45.34781187,BioSimMap,6.033942246,10.2474077,27.34936942,934.606679,24.7640546,-12.8514732,37.62632724,4.560213303,10.08753428,17.30829618,-5.542763629,1281.414581,199.633605,46.2918195,42.40890354,450.6112217,214.7736906,291.6739379,322.1378613,-63.31,45.38
114,-63.41259818,45.18124581,BioSimMap,6.367203445,10.07523604,27.5948825,907.4198742,24.6171514,-12.06664986,36.68166351,5.364887125,10.63536175,17.31989623,-4.885879883,1268.742082,194.7268351,45.14427799,42.09033389,443.9748342,212.0890265,289.5868832,314.2519889,-63.38,45.14
115,-63.49590009,46.26392522,BioSimMap,5.872608534,8.482974901,23.07943647,971.5129141,24.10955113,-12.72558175,36.82324582,5.717140663,6.137313873,17.55562343,-6.176645988,1141.142176,176.5955256,38.36227068,42.80209281,401.5670814,189.2304706,266.5976352,268.6681563,-63.49,46.28
116,-63.57920201,49.42868042,BioSimMap,2.508004463,8.511542099,22.79612327,985.4221281,20.49785172,-16.96917734,37.43988772,5.632158509,-2.496024308,14.2301127,-9.886837314,1064.671354,163.1944377,36.37568609,42.80554846,368.4648869,170.8784543,277.0667408,217.5460495,-63.58,49.47
117,-63.82910776,45.59766097,BioSimMap,5.850960732,9.978235966,26.52714687,950.3881717,24.48940449,-13.20262918,37.7368272,3.500575448,9.563960576,17.24913988,-5.959888545,1302.617634,203.6683822,43.92456297,42.83670625,460.3205641,212.7934862,281.6486842,327.0586834,-63.82,45.59
118,-64.07901351,46.59705734,BioSimMap,5.788867892,8.702513578,23.13637506,990.9052481,24.48353339,-13.21212408,37.68182392,5.313299793,5.489825631,17.71665994,-6.522207394,1041.206629,154.7024464,35.44890264,41.49042488,358.5192916,176.2300685,252.9634876,237.9499195,-64.04,46.63
119,-64.32891926,44.51498156,BioSimMap,7.254838094,9.375233767,27.38021404,861.8366401,24.47819947,-9.815908572,34.30133192,5.547998018,12.33587525,17.62133082,-3.325222007,1359.321066,211.84429,42.76456326,43.77294754,482.4834751,217.2967712,288.6198005,348.9838458,-64.33,44.55
120,-64.32891926,50.34479376,BioSimMap,0.924073256,9.406125418,24.28502823,1004.290642,18.96196463,-19.93694699,38.88647991,3.395531751,-4.836664185,12.65354059,-12.05848384,1099.539222,175.6400349,33.0112965,46.65756928,392.7724364,160.0880592,284.818218,217.1239185,-64.33,50.28
121,-64.41222117,45.09796278,BioSimMap,6.825200139,10.11648527,27.39170907,925.3293502,25.3629102,-11.71418706,37.03045236,5.238062694,10.20008404,17.96615722,-4.686279582,1134.824299,174.666853,37.68498411,42.43500109,393.0524433,191.2814766,263.557385,284.5914251,-64.38,45.06
122,-64.49552309,44.34841549,BioSimMap,7.100627236,9.772354359,27.86594372,877.2989308,24.8693368,-10.27100041,35.10800241,4.057539819,13.62418814,17.7553898,-3.70662495,1450.856835,228.1185731,46.25300333,44.18181317,518.5567285,229.5899785,290.870681,386.9869482,-64.5,44.37
123,-64.66212692,44.0985664,BioSimMap,7.393070733,9.618782451,28.73323748,825.5647226,23.99998851,-9.46480829,33.4764382,4.044174243,13.52228842,17.31835272,-2.81802519,1449.023244,231.7750691,43.14349468,45.58300302,517.3192131,226.0326372,288.7764591,384.2691658,-64.64,44.14
124,-64.99533459,45.59766097,BioSimMap,5.108434886,9.788750183,25.93963818,972.742259,23.79120003,-14.09270273,37.85822789,0.534080771,11.49988023,16.77502209,-6.980596897,1548.874824,240.8509827,49.87668924,43.92169785,549.356452,247.2443353,308.9542958,417.0456081,-64.96,45.61
125,-65.16193842,46.34720825,BioSimMap,5.481321195,10.83244031,26.55706936,1036.443931,25.71303219,-15.20048095,40.95491716,5.593746675,7.025984237,17.88588824,-7.455860307,1168.748294,174.3877887,40.6616691,41.77604382,395.1225995,199.7976899,276.6976672,286.893615,-65.15,46.36
126,-65.16193842,46.76362341,BioSimMap,5.321022906,11.05214833,26.62531946,1050.402061,25.90401226,-15.7466009,41.69554836,4.760245424,6.863050119,17.935719,-7.80311831,1161.060877,177.5063834,40.18049756,43.20643248,396.1712044,196.8752425,278.2745996,284.608059,-65.2,46.74
127,-65.32854226,49.17883132,BioSimMap,2.343905042,8.873792927,22.75334493,1043.213721,21.39317219,-17.71873193,39.07143737,3.371426003,1.516657387,14.81673666,-10.77417304,969.8774816,142.8624135,34.38905353,39.48083426,326.9072348,164.2868282,241.1284576,233.1121655,-65.32,49.23
128,-65.41184417,45.4310949,BioSimMap,5.785775068,10.10711163,26.87387513,950.9990592,24.25780171,-13.53887525,37.75911247,2.41174289,10.57251383,17.14473441,-6.173627092,1353.837862,207.9287811,43.82695617,43.5157821,472.8441356,220.7436296,287.4270515,356.3677841,-65.41,45.42
129,-65.91165567,47.18003856,BioSimMap,4.491461097,11.30564971,26.45036553,1088.556815,25.34314658,-17.50509199,42.93577455,8.337609884,1.95913855,17.38408677,-9.206321112,1092.43661,164.5579266,35.28086265,42.99983681,373.6561041,180.9702452,293.9409474,245.9301002,-65.94,47.17
130,-66.0782595,45.26452884,BioSimMap,6.152899765,9.398770844,26.52343964,889.2908936,23.04781188,-12.56091313,35.44965725,5.162164012,8.943535478,16.66042465,-5.208379682,1198.073327,186.6435229,37.39557834,44.45700957,411.8597688,198.1659531,276.2865087,290.4683127,-66.04,45.25
131,-66.0782595,46.51377431,BioSimMap,4.781891195,11.51198836,27.11202696,1067.606277,25.57912375,-16.99102488,42.61888318,8.11540199,3.039193835,17.47114519,-8.695321839,1188.761509,178.0718721,41.67493978,41.02647298,403.7785369,202.4704914,308.5944091,276.0659544,-66.04,46.55
132,-66.578071,47.59645372,BioSimMap,2.915038894,10.49134015,24.90130355,1097.368246,23.52752369,-18.69012944,42.20143109,9.080547261,-2.803418838,15.96299071,-10.93857364,1125.375268,166.7003563,40.38145591,39.65129829,393.5986373,187.9206268,329.9093085,234.7223935,-66.54,47.57
133,-66.66137292,45.93079309,BioSimMap,5.364474826,11.06673808,26.84845692,1045.773688,25.56102553,-15.78504423,41.35452261,8.597282264,4.82590466,17.73949611,-7.866248584,1149.612473,173.1116642,38.35349241,42.1181736,394.2071537,190.338877,293.723558,263.1376577,-66.62,45.96
134,-66.82797675,45.09796278,BioSimMap,6.222218269,10.3169879,27.68512195,919.1429652,24.15808036,-13.12714733,37.23277981,6.647914775,7.648386532,17.13485215,-5.525020768,1186.292543,184.8068172,37.24391114,44.3077942,413.8145611,195.1524535,281.4121131,276.8290256,-66.85,45.12
135,-66.91127867,50.01166164,BioSimMap,2.044728185,8.701591492,21.90962066,1054.505122,20.54394638,-19.37139588,39.9074233,6.146934296,-4.375367886,14.46026944,-11.49241515,1075.502715,162.0224598,35.91375404,42.65305035,376.996588,171.6087384,280.432574,220.8705314,-66.86,50
136,-67.16118442,48.17943494,BioSimMap,2.682354334,10.6934807,24.80136662,1132.891173,23.59505602,-19.64062491,43.27748489,7.38712328,-1.784919765,15.99508972,-11.68433915,1095.955516,157.7640574,39.32445411,38.87142949,375.8068431,186.3968647,313.9281214,243.7251505,-67.14,48.18
137,-67.32778825,45.18124581,BioSimMap,6.261980278,11.55185409,28.50378906,997.0856308,25.9390242,-14.56317871,40.62281883,7.335149914,6.904519343,18.04809621,-6.326542122,1190.498629,188.7065606,36.38025712,45.47076942,423.0002106,191.2652714,280.6290309,273.3623888,-66.85,45.12
138,-67.32778825,49.42868042,BioSimMap,2.470004698,8.69106887,22.0867992,1037.423755,20.89779989,-18.66762517,39.49376962,6.231979637,-2.685199601,14.7777475,-10.87967323,1039.124549,155.7067545,34.26621951,42.72977192,359.5015222,166.648091,268.8625418,223.0875203,-67.3,49.42
139,-67.41109017,47.84630282,BioSimMap,2.484193034,10.90521033,25.11605937,1140.620108,23.55287831,-20.04392938,43.60054649,7.863851733,-1.695608616,15.90555989,-12.00507699,1118.56522,160.5688047,41.11309421,38.50426427,382.5402117,191.5160227,323.4222892,248.6375479,-67.39,47.86
140,-67.66099592,46.76362341,BioSimMap,3.754347871,10.82522723,25.27860093,1111.306804,24.40006759,-18.52379608,42.91456139,8.877676181,-0.876969327,16.80271128,-10.38126279,1118.654364,169.5732271,39.72656901,41.03418262,390.2647765,188.903396,319.5878396,243.2794424,-67.7,46.77
141,-67.91090167,47.92958585,BioSimMap,2.657432257,10.7268313,24.45479291,1161.954489,23.81579995,-20.18317988,44.06136164,7.135686747,-1.126464849,16.29244942,-12.12305275,1091.974696,158.5162348,39.33510252,38.98127547,374.3867589,185.9665276,311.2660362,242.7437138,-67.91,47.91
142,-70.65986491,45.4310949,BioSimMap,2.748273349,9.066348681,23.05022063,1064.354148,21.38725741,-17.87415235,39.20142076,9.737571892,-3.192152375,15.22185789,-10.57246534,1234.070452,188.1879014,50.67701149,38.31254024,427.9349164,218.6705214,384.6989102,264.0462449,-69.67,43.91
143,-70.90977066,48.34600101,BioSimMap,3.258627406,10.41363079,22.97384923,1210.087185,24.5143648,-20.87373806,45.40195288,13.34321049,-6.233494263,17.22656524,-12.40013794,947.5355195,153.9416861,30.40874798,45.99999177,349.2094887,135.892527,298.2450978,174.995793,-70.87,48.34
