NC_059442.1	135198276	135202095	LOC106564898	NC_059442.1	135198276	135203276	AX-87329944
NC_059442.1	135202675	135203777	LOC106564906	NC_059442.1	135202675	135207675	AX-87807744
NC_059442.1	135202197	135203276	LOC106564906	NC_059442.1	135198276	135203276	AX-87329944
NC_059442.1	135203735	135207675	LOC106564891	NC_059442.1	135202675	135207675	AX-87807744
NC_059442.1	140150608	140155608	LOC106565898	NC_059442.1	140150608	140155608	AX-86906391
NC_059442.1	140151540	140156540	LOC106565898	NC_059442.1	140151540	140156540	AX-87228986
NC_059442.1	140158122	140163122	LOC106565898	NC_059442.1	140158122	140163122	AX-87863541
NC_059442.1	140170771	140175771	LOC106565898	NC_059442.1	140170771	140175771	AX-87749551
NC_059442.1	140181845	140186845	LOC106565898	NC_059442.1	140181845	140186845	AX-87469838
NC_059442.1	140183109	140188109	LOC106565898	NC_059442.1	140183109	140188109	AX-87341331
NC_059442.1	140186465	140190804	LOC106565898	NC_059442.1	140186465	140191465	AX-86966411
NC_059442.1	140188391	140190804	LOC106565898	NC_059442.1	140188391	140193391	AX-87211130
NC_059442.1	140144170	140149170	LOC106565898	NC_059442.1	140144170	140149170	AX-87406533
NC_059442.1	140177209	140182209	LOC106565898	NC_059442.1	140177209	140182209	AX-87413306
NC_059442.1	140177725	140182725	LOC106565898	NC_059442.1	140177725	140182725	AX-87087601
NC_059442.1	164722949	164724732	pam	NC_059442.1	164719732	164724732	AX-87623441
NC_059442.1	165168765	165173765	syk	NC_059442.1	165168765	165173765	AX-87549834
NC_059442.1	165195123	165199624	syk	NC_059442.1	165195123	165200123	AX-87187831
NC_059442.1	165275203	165280203	auh	NC_059442.1	165275203	165280203	AX-87418140
NC_059442.1	165320387	165321791	nfil3	NC_059442.1	165320387	165325387	AX-86910688
NC_059442.1	165320937	165321791	nfil3	NC_059442.1	165320937	165325937	AX-86952646
NC_059442.1	165336739	165341739	ror2	NC_059442.1	165336739	165341739	AX-87851787
NC_059442.1	165347610	165352610	ror2	NC_059442.1	165347610	165352610	AX-87237935
NC_059442.1	165348412	165353412	ror2	NC_059442.1	165348412	165353412	AX-87703011
NC_059442.1	165418242	165423242	ror2	NC_059442.1	165418242	165423242	AX-87301286
NC_059442.1	165418312	165423312	ror2	NC_059442.1	165418312	165423312	AX-87556955
NC_059442.1	165429334	165434334	ror2	NC_059442.1	165429334	165434334	AX-87617085
NC_059442.1	165430330	165435330	ror2	NC_059442.1	165430330	165435330	AX-87693252
NC_059442.1	165447223	165452223	ror2	NC_059442.1	165447223	165452223	AX-86987302
NC_059442.1	165447329	165452329	ror2	NC_059442.1	165447329	165452329	AX-87245483
NC_059442.1	165346688	165351688	ror2	NC_059442.1	165346688	165351688	AX-87793407
NC_059442.1	165347126	165352126	ror2	NC_059442.1	165347126	165352126	AX-87263395
NC_059442.1	165362382	165367382	ror2	NC_059442.1	165362382	165367382	AX-87478643
NC_059442.1	165445237	165450237	ror2	NC_059442.1	165445237	165450237	AX-87303801
NC_059442.1	165459540	165463368	ror2	NC_059442.1	165459540	165464540	AX-87093062
NC_059442.1	165463924	165464540	sptlc1	NC_059442.1	165459540	165464540	AX-87093062
NC_059442.1	165549940	165554940	cdc42se2	NC_059442.1	165549940	165554940	AX-87323529
NC_059442.1	25836125	25841125	LOC106586878	NC_059442.1	25836125	25841125	AX-87198965
NC_059442.1	26372966	26377634	LOC106588122	NC_059442.1	26372966	26377966	AX-87408085
NC_059442.1	26380962	26385523	LOC106588404	NC_059442.1	26380962	26385962	AX-87595754
NC_059442.1	26382062	26385523	LOC106588404	NC_059442.1	26382062	26387062	AX-87461832
NC_059442.1	26380003	26382753	LOC106588404	NC_059442.1	26377753	26382753	AX-86960812
NC_059442.1	26414824	26419824	LOC106588489	NC_059442.1	26414824	26419824	AX-87856351
NC_059442.1	28388127	28389002	LOC106593970	NC_059442.1	28388127	28393127	AX-87306981
NC_059442.1	28400195	28403895	LOC106594164	NC_059442.1	28398895	28403895	AX-87716631
NC_059442.1	28419054	28424054	LOC106594164	NC_059442.1	28419054	28424054	AX-87531514
NC_059442.1	28407391	28412391	LOC106594164	NC_059442.1	28407391	28412391	AX-87234585
NC_059442.1	28514592	28515994	LOC106594233	NC_059442.1	28514592	28519592	AX-87300546
NC_059442.1	28516811	28519592	LOC106586026	NC_059442.1	28514592	28519592	AX-87300546
NC_059442.1	28524982	28527464	LOC106586026	NC_059442.1	28524982	28529982	AX-87469430
NC_059442.1	28727854	28729539	kif26ab	NC_059442.1	28724539	28729539	AX-87241228
NC_059442.1	28773593	28778593	kif26ab	NC_059442.1	28773593	28778593	AX-87338482
NC_059442.1	28791956	28796956	kif26ab	NC_059442.1	28791956	28796956	AX-86940915
NC_059442.1	34726806	34731806	slc24a4a	NC_059442.1	34726806	34731806	AX-87666114
NC_059442.1	34771304	34775536	LOC106601300	NC_059442.1	34770536	34775536	AX-87114133
NC_059442.1	34786302	34791302	LOC106601300	NC_059442.1	34786302	34791302	AX-87000993
NC_059442.1	34786574	34791574	LOC106601300	NC_059442.1	34786574	34791574	AX-87372869
NC_059442.1	49560257	49565257	wdfy4	NC_059442.1	49560257	49565257	AX-86958517
NC_059442.1	51435336	51440336	LOC106604541	NC_059442.1	51435336	51440336	AX-87702505
NC_059442.1	51569987	51574987	LOC106604578	NC_059442.1	51569987	51574987	AX-87539054
NC_059442.1	82044906	82049906	abca5	NC_059442.1	82044906	82049906	AX-87245381
NC_059442.1	84549681	84554681	LOC106611807	NC_059442.1	84549681	84554681	AX-87381993
NC_059442.1	84638051	84643051	adkb	NC_059442.1	84638051	84643051	AX-87371235
NC_059442.1	84856469	84859535	LOC106611767	NC_059442.1	84854535	84859535	AX-87470989
NC_059442.1	84961979	84966493	LOC106611737	NC_059442.1	84961493	84966493	AX-87773105
NC_059442.1	84975611	84980611	LOC106611737	NC_059442.1	84975611	84980611	AX-87850197
NC_059442.1	84981193	84983983	LOC106611737	NC_059442.1	84981193	84986193	AX-87013647
NC_059442.1	84982829	84983983	LOC106611737	NC_059442.1	84982829	84987829	AX-87465147
NC_059442.1	86528822	86533822	macrod2	NC_059442.1	86528822	86533822	AX-86922244
NC_059442.1	91646722	91651722	csn1	NC_059442.1	91646722	91651722	AX-87762179
NC_059442.1	91761030	91764451	LOC106610271	NC_059442.1	91761030	91766030	AX-87012893
NC_059442.1	91820977	91823465	LOC106610249	NC_059442.1	91818465	91823465	AX-87280988
NC_059442.1	91831895	91836895	LOC106610249	NC_059442.1	91831895	91836895	AX-87358837
NC_059442.1	91866904	91871904	LOC106610228	NC_059442.1	91866904	91871904	AX-87540571
NC_059442.1	91876093	91881093	LOC106610228	NC_059442.1	91876093	91881093	AX-87824172
NC_059442.1	91862956	91866872	LOC106610228	NC_059442.1	91861872	91866872	AX-87740969
NC_059442.1	92121752	92126752	LOC106610188	NC_059442.1	92121752	92126752	AX-87370784
NC_059442.1	92121969	92126969	LOC106610188	NC_059442.1	92121969	92126969	AX-87033490
NC_059442.1	94341597	94346597	LOC106610530	NC_059442.1	94341597	94346597	AX-87444109
NC_059442.1	94376870	94381870	LOC106610530	NC_059442.1	94376870	94381870	AX-87204505
NC_059443.1	12204451	12209451	pgcp	NC_059443.1	12204451	12209451	AX-87597934
NC_059443.1	13761039	13764166	LOC106574291	NC_059443.1	13761039	13766039	AX-87176472
NC_059443.1	42367825	42371124	LOC106583484	NC_059443.1	42367825	42372825	AX-87665320
NC_059443.1	42394087	42399087	LOC106583495	NC_059443.1	42394087	42399087	AX-86962115
NC_059443.1	42396655	42401655	LOC106583495	NC_059443.1	42396655	42401655	AX-87578211
NC_059443.1	42404958	42409958	LOC106583495	NC_059443.1	42404958	42409958	AX-87416492
NC_059443.1	42397711	42402711	LOC106583495	NC_059443.1	42397711	42402711	AX-87620756
NC_059444.1	20140337	20145337	LOC106599529	NC_059444.1	20140337	20145337	AX-87158931
NC_059444.1	32946047	32951047	LOC106599824	NC_059444.1	32946047	32951047	AX-87364378
NC_059444.1	37234848	37239848	LOC106600234	NC_059444.1	37234848	37239848	AX-87857370
NC_059444.1	37266219	37271148	LOC106600234	NC_059444.1	37266219	37271219	AX-87795838
NC_059444.1	37238690	37243690	LOC106600234	NC_059444.1	37238690	37243690	AX-87198814
NC_059444.1	37255645	37260645	LOC106600234	NC_059444.1	37255645	37260645	AX-87163328
NC_059444.1	37269105	37271219	LOC106599941	NC_059444.1	37266219	37271219	AX-87795838
NC_059444.1	37277275	37282275	LOC106599941	NC_059444.1	37277275	37282275	AX-87007859
NC_059444.1	37279371	37284371	LOC106599941	NC_059444.1	37279371	37284371	AX-87653477
NC_059444.1	37447963	37450339	mc6zb	NC_059444.1	37445339	37450339	AX-87854038
NC_059444.1	37447963	37450453	mc6zb	NC_059444.1	37445453	37450453	AX-87672324
NC_059444.1	37452707	37457707	mc6zb	NC_059444.1	37452707	37457707	AX-87138156
NC_059444.1	43799461	43803342	LOC106600586	NC_059444.1	43799461	43804461	AX-87695308
NC_059444.1	63641574	63642551	LOC106601095	NC_059444.1	63641574	63646574	AX-87737415
NC_059444.1	65815085	65820085	LOC106601250	NC_059444.1	65815085	65820085	AX-87672521
NC_059444.1	67012201	67017201	LOC106601175	NC_059444.1	67012201	67017201	AX-87526301
NC_059444.1	67154706	67159706	LOC106601165	NC_059444.1	67154706	67159706	AX-87269356
NC_059445.1	11342679	11347679	LOC106602268	NC_059445.1	11342679	11347679	AX-87758705
NC_059445.1	16572866	16577866	LOC106602381	NC_059445.1	16572866	16577866	AX-87503834
NC_059445.1	21681729	21686522	LOC106602574	NC_059445.1	21681522	21686522	AX-87013691
NC_059445.1	47617396	47622396	LOC106603292	NC_059445.1	47617396	47622396	AX-87628821
NC_059445.1	47842341	47844237	LOC100194650	NC_059445.1	47842341	47847341	AX-87007835
NC_059445.1	47840932	47844198	LOC100194650	NC_059445.1	47839198	47844198	AX-87851585
NC_059445.1	47840932	47844237	LOC100194650	NC_059445.1	47839878	47844878	AX-87795670
NC_059445.1	48032774	48037774	LOC106603298	NC_059445.1	48032774	48037774	AX-87395359
NC_059445.1	47968305	47973305	LOC106603298	NC_059445.1	47968305	47973305	AX-87028944
NC_059445.1	48052331	48057331	radx	NC_059445.1	48052331	48057331	AX-87074572
NC_059445.1	48186770	48191770	LOC106603304	NC_059445.1	48186770	48191770	AX-87819619
NC_059445.1	52725021	52727774	LOC106603582	NC_059445.1	52725021	52730021	AX-87437262
NC_059445.1	52728162	52730021	LOC106603616	NC_059445.1	52725021	52730021	AX-87437262
NC_059445.1	52821129	52823847	LOC106603429	NC_059445.1	52821075	52826075	AX-87590195
NC_059445.1	52903702	52908702	LOC106603569	NC_059445.1	52903702	52908702	AX-87289724
NC_059445.1	53105874	53109756	LOC106603565	NC_059445.1	53105874	53110874	AX-87397436
NC_059445.1	53121447	53126447	LOC106603563	NC_059445.1	53121447	53126447	AX-87189577
NC_059445.1	53139760	53140975	LOC106603563	NC_059445.1	53139760	53144760	AX-87423621
NC_059445.1	53304551	53309551	LOC106603560	NC_059445.1	53304551	53309551	AX-87619455
NC_059445.1	53304769	53309769	LOC106603560	NC_059445.1	53304769	53309769	AX-87092358
NC_059445.1	56974807	56979807	LOC106603510	NC_059445.1	56974807	56979807	AX-87210433
NC_059446.1	14904004	14909004	LOC106604262	NC_059446.1	14904004	14909004	AX-87579112
NC_059446.1	28309609	28312570	spata4	NC_059446.1	28309609	28314609	AX-87609377
NC_059446.1	67657297	67662297	LOC106605587	NC_059446.1	67657297	67662297	AX-87672002
NC_059446.1	67667525	67672525	LOC106605587	NC_059446.1	67667525	67672525	AX-87757574
NC_059446.1	67691921	67693733	LOC106605587	NC_059446.1	67691921	67696921	AX-87256529
NC_059446.1	67663044	67668044	LOC106605587	NC_059446.1	67663044	67668044	AX-87845932
NC_059446.1	67694583	67696921	LOC106605639	NC_059446.1	67691921	67696921	AX-87256529
NC_059446.1	67815771	67818381	LOC106605635	NC_059446.1	67815771	67820771	AX-87715838
NC_059446.1	67817743	67820771	LOC106605634	NC_059446.1	67815771	67820771	AX-87715838
NC_059446.1	68212304	68217304	si:dkey-262k9.2	NC_059446.1	68212304	68217304	AX-87634350
NC_059446.1	68506746	68511746	zmp:0000001114	NC_059446.1	68506746	68511746	AX-87085652
NC_059446.1	69062168	69065761	LOC106605656	NC_059446.1	69062168	69067168	AX-87385156
NC_059446.1	69066808	69067168	LOC106605602	NC_059446.1	69062168	69067168	AX-87385156
NC_059446.1	69177254	69182003	znf1035	NC_059446.1	69177254	69182254	AX-87090354
NC_059446.1	69154652	69159652	znf1035	NC_059446.1	69154652	69159652	AX-87544687
NC_059446.1	69184163	69186724	LOC123723734	NC_059446.1	69184054	69189054	AX-87395743
NC_059446.1	69184175	69186724	LOC123723734	NC_059446.1	69184175	69189175	AX-87281019
NC_059446.1	69186948	69189054	LOC106605597	NC_059446.1	69184054	69189054	AX-87395743
NC_059446.1	69186948	69189175	LOC106605597	NC_059446.1	69184175	69189175	AX-87281019
NC_059446.1	69190926	69195926	LOC106605597	NC_059446.1	69190926	69195926	AX-87043910
NC_059446.1	69235615	69240615	si:ch211-261d7.6	NC_059446.1	69235615	69240615	AX-87398896
NC_059446.1	69261585	69263821	LOC106605591	NC_059446.1	69261585	69266585	AX-87798871
NC_059446.1	69262277	69263821	LOC106605591	NC_059446.1	69262277	69267277	AX-87137743
NC_059446.1	69264311	69266585	zn576	NC_059446.1	69261585	69266585	AX-87798871
NC_059446.1	69264311	69267277	zn576	NC_059446.1	69262277	69267277	AX-87137743
NC_059446.1	69301778	69303875	LOC106605589	NC_059446.1	69298875	69303875	AX-87233643
NC_059446.1	69324939	69329939	LOC106605679	NC_059446.1	69324939	69329939	AX-87192333
NC_059446.1	76348267	76353267	pbxip1b	NC_059446.1	76348267	76353267	AX-87018758
NC_059447.1	25866444	25871444	ighd	NC_059447.1	25866444	25871444	AX-87773859
NC_059447.1	60580086	60583134	LOC106607754	NC_059447.1	60580086	60585086	AX-87363901
NC_059447.1	60582933	60585086	themis	NC_059447.1	60580086	60585086	AX-87363901
NC_059447.1	60598135	60603135	ptprk	NC_059447.1	60598135	60603135	AX-87137443
NC_059447.1	60601244	60606244	ptprk	NC_059447.1	60601244	60606244	AX-87104257
NC_059447.1	60604262	60609262	ptprk	NC_059447.1	60604262	60609262	AX-87277549
NC_059448.1	12460196	12465196	LOC100380644	NC_059448.1	12460196	12465196	AX-87304986
NC_059448.1	12811852	12816852	LOC106608576	NC_059448.1	12811852	12816852	AX-87686446
NC_059448.1	12827653	12832653	LOC106608576	NC_059448.1	12827653	12832653	AX-86918023
NC_059448.1	12960285	12961493	LOC106608581	NC_059448.1	12956493	12961493	AX-86942783
NC_059448.1	15954135	15954942	LOC106608654	NC_059448.1	15954135	15959135	AX-87372396
NC_059448.1	15954952	15955023	trnaa-cgc_16	NC_059448.1	15954135	15959135	AX-87372396
NC_059448.1	15955572	15959135	si:ch211-119e14.1	NC_059448.1	15954135	15959135	AX-87372396
NC_059448.1	16084122	16089122	LOC106608644	NC_059448.1	16084122	16089122	AX-87596883
NC_059448.1	45120845	45125845	LOC106609364	NC_059448.1	45120845	45125845	AX-87474316
NC_059448.1	45181509	45186230	LOC106609369	NC_059448.1	45181509	45186509	AX-86934995
NC_059448.1	45199663	45203363	LOC106609368	NC_059448.1	45199663	45204663	AX-87485725
NC_059448.1	45555262	45557349	LOC106609438	NC_059448.1	45555262	45560262	AX-87166642
NC_059448.1	45557398	45560262	LOC106609469	NC_059448.1	45555262	45560262	AX-87166642
NC_059448.1	45560338	45563066	LOC106609469	NC_059448.1	45560338	45565338	AX-87446811
NC_059448.1	45877817	45882817	ccnd2	NC_059448.1	45877817	45882817	AX-87447468
NC_059448.1	45880473	45884485	ccnd2	NC_059448.1	45880473	45885473	AX-87597708
NC_059448.1	45881791	45884485	ccnd2	NC_059448.1	45881791	45886791	AX-87688324
NC_059448.1	45881831	45884485	ccnd2	NC_059448.1	45881831	45886831	AX-87387041
NC_059448.1	45885995	45886791	LOC106609462	NC_059448.1	45881791	45886791	AX-87688324
NC_059448.1	45885995	45886831	LOC106609462	NC_059448.1	45881831	45886831	AX-87387041
NC_059448.1	45888078	45889754	LOC106609462	NC_059448.1	45888078	45893078	AX-87556024
NC_059448.1	45888944	45889754	LOC106609462	NC_059448.1	45888944	45893944	AX-87643326
NC_059448.1	45889009	45889754	LOC106609462	NC_059448.1	45889009	45894009	AX-87367868
NC_059448.1	45890833	45892997	LOC106609463	NC_059448.1	45888078	45893078	AX-87556024
NC_059448.1	45890833	45892997	LOC106609463	NC_059448.1	45888944	45893944	AX-87643326
NC_059448.1	45890833	45892997	LOC106609463	NC_059448.1	45889009	45894009	AX-87367868
NC_059448.1	45901348	45902556	LOC106609464	NC_059448.1	45900654	45905654	AX-87435938
NC_059448.1	45901348	45902556	LOC106609464	NC_059448.1	45900731	45905731	AX-87177854
NC_059448.1	45901348	45902556	LOC106609464	NC_059448.1	45901242	45906242	AX-86972864
NC_059448.1	45904058	45905654	LOC106609473	NC_059448.1	45900654	45905654	AX-87435938
NC_059448.1	45904058	45905731	LOC106609473	NC_059448.1	45900731	45905731	AX-87177854
NC_059448.1	45904058	45906242	LOC106609473	NC_059448.1	45901242	45906242	AX-86972864
NC_059448.1	45940986	45943414	LOC106609453	NC_059448.1	45940986	45945986	AX-87770661
NC_059448.1	45943230	45943414	LOC106609453	NC_059448.1	45943230	45948230	AX-87476498
NC_059448.1	45943703	45945986	LOC106609440	NC_059448.1	45940986	45945986	AX-87770661
NC_059448.1	45943703	45948230	LOC106609440	NC_059448.1	45943230	45948230	AX-87476498
NC_059448.1	45946348	45951348	LOC106609440	NC_059448.1	45946348	45951348	AX-87249441
NC_059448.1	45951126	45956126	LOC106609440	NC_059448.1	45951126	45956126	AX-86954365
NC_059448.1	45989549	45991186	LOC106609391	NC_059448.1	45986186	45991186	AX-86991314
NC_059448.1	46030203	46033530	LOC106609390	NC_059448.1	46030203	46035203	AX-87217449
NC_059448.1	46030480	46033530	LOC106609390	NC_059448.1	46030480	46035480	AX-87571908
NC_059448.1	46030586	46033530	LOC106609390	NC_059448.1	46030586	46035586	AX-87296509
NC_059448.1	46031213	46033530	LOC106609390	NC_059448.1	46031213	46036213	AX-87152757
NC_059448.1	46018773	46023773	LOC106609390	NC_059448.1	46018773	46023773	AX-87783827
NC_059448.1	46030203	46033089	LOC106609389	NC_059448.1	46030203	46035203	AX-87217449
NC_059448.1	46030480	46033089	LOC106609389	NC_059448.1	46030480	46035480	AX-87571908
NC_059448.1	46030586	46033089	LOC106609389	NC_059448.1	46030586	46035586	AX-87296509
NC_059448.1	46031213	46033089	LOC106609389	NC_059448.1	46031213	46036213	AX-87152757
NC_059448.1	46032538	46035203	ada2b	NC_059448.1	46030203	46035203	AX-87217449
NC_059448.1	46032538	46035480	ada2b	NC_059448.1	46030480	46035480	AX-87571908
NC_059448.1	46032538	46035586	ada2b	NC_059448.1	46030586	46035586	AX-87296509
NC_059448.1	46032538	46036213	ada2b	NC_059448.1	46031213	46036213	AX-87152757
NC_059448.1	46044851	46047535	si:ch211-214j24.14	NC_059448.1	46042535	46047535	AX-87205224
NC_059448.1	49628154	49631009	LOC106609525	NC_059448.1	49628154	49633154	AX-86952038
NC_059448.1	49632155	49633154	LOC106609524	NC_059448.1	49628154	49633154	AX-86952038
NC_059448.1	49660979	49663231	LOC106609526	NC_059448.1	49660979	49665979	AX-87423108
NC_059448.1	49661376	49663231	LOC106609526	NC_059448.1	49661376	49666376	AX-87210339
NC_059448.1	49907589	49908196	LOC106609587	NC_059448.1	49907589	49912589	AX-87629077
NC_059448.1	8497207	8502207	arap2	NC_059448.1	8497207	8502207	AX-87464177
NC_059448.1	8552647	8557647	arap2	NC_059448.1	8552647	8557647	AX-87268772
NC_059448.1	8577884	8582884	arap2	NC_059448.1	8577884	8582884	AX-87001562
NC_059448.1	8547886	8552886	arap2	NC_059448.1	8547886	8552886	AX-87161880
NC_059449.1	17721711	17724191	LOC106610370	NC_059449.1	17720478	17725478	AX-87447662
NC_059449.1	17721930	17724191	LOC106610370	NC_059449.1	17721930	17726930	AX-87697812
NC_059449.1	17723192	17724191	LOC106610370	NC_059449.1	17723192	17728192	AX-87410735
NC_059449.1	17726088	17726930	mtap	NC_059449.1	17721930	17726930	AX-87697812
NC_059449.1	17733896	17738896	mtap	NC_059449.1	17733896	17738896	AX-87567413
NC_059449.1	17726088	17728192	mtap	NC_059449.1	17723192	17728192	AX-87410735
NC_059450.1	114783431	114787468	LOC106612494	NC_059450.1	114782468	114787468	AX-87199316
NC_059450.1	122230317	122233839	LOC106612606	NC_059450.1	122230317	122235317	AX-87241620
NC_059450.1	122235169	122235317	LOC106612604	NC_059450.1	122230317	122235317	AX-87241620
NC_059450.1	124918078	124923078	phldb1b	NC_059450.1	124918078	124923078	AX-87193390
NC_059450.1	135124751	135129751	LOC106612967	NC_059450.1	135124751	135129751	AX-86910197
NC_059450.1	135125746	135130746	LOC106612967	NC_059450.1	135125746	135130746	AX-86907146
NC_059450.1	139410789	139415789	LOC106613063	NC_059450.1	139410789	139415789	AX-87601002
NC_059450.1	139449069	139449885	LOC106613062	NC_059450.1	139449069	139454069	AX-87068607
NC_059450.1	139484588	139486646	LOC106613061	NC_059450.1	139481646	139486646	AX-86975351
NC_059450.1	139484588	139487155	LOC106613061	NC_059450.1	139482155	139487155	AX-87259018
NC_059450.1	139484588	139487388	LOC106613061	NC_059450.1	139482388	139487388	AX-87407801
NC_059450.1	139484588	139487755	LOC106613061	NC_059450.1	139482755	139487755	AX-87633797
NC_059450.1	139486080	139489092	LOC106613061	NC_059450.1	139486080	139491080	AX-87323744
NC_059450.1	147766346	147771346	LOC106593519	NC_059450.1	147766346	147771346	AX-87622427
NC_059450.1	152407263	152412263	plch1	NC_059450.1	152407263	152412263	AX-87332799
NC_059450.1	152558901	152563086	LOC106613261	NC_059450.1	152558901	152563901	AX-87308388
NC_059450.1	152712989	152714177	LOC106613264	NC_059450.1	152709177	152714177	AX-87103955
NC_059450.1	152766947	152770554	LOC106613282	NC_059450.1	152766947	152771947	AX-87249723
NC_059450.1	22172404	22176590	LOC106611021	NC_059450.1	22171590	22176590	AX-87763418
NC_059450.1	22278610	22283610	LOC106611016	NC_059450.1	22278610	22283610	AX-87327620
NC_059450.1	22281320	22286320	LOC106611016	NC_059450.1	22281320	22286320	AX-86910996
NC_059450.1	23767594	23769606	dhrs7	NC_059450.1	23767594	23772594	AX-87671769
NC_059450.1	23769981	23772594	ppm1aa	NC_059450.1	23767594	23772594	AX-87671769
NC_059450.1	23784865	23787412	ppm1aa	NC_059450.1	23784865	23789865	AX-86943900
NC_059450.1	23785029	23787412	ppm1aa	NC_059450.1	23785029	23790029	AX-87583737
NC_059450.1	23855355	23856414	six6a	NC_059450.1	23855355	23860355	AX-87143762
NC_059450.1	23853595	23855835	six6a	NC_059450.1	23850835	23855835	AX-87863207
NC_059450.1	23853595	23856002	six6a	NC_059450.1	23851002	23856002	AX-87165513
NC_059450.1	23853595	23856414	six6a	NC_059450.1	23852011	23857011	AX-87201262
NC_059450.1	23853816	23856414	six6a	NC_059450.1	23853816	23858816	AX-87142373
NC_059450.1	23854005	23856414	six6a	NC_059450.1	23854005	23859005	AX-87518985
NC_059450.1	238782	241852	LOC106610585	NC_059450.1	236852	241852	AX-87212734
NC_059450.1	247638	252638	LOC106610585	NC_059450.1	247638	252638	AX-87668196
NC_059450.1	248506	253506	LOC106610585	NC_059450.1	248506	253506	AX-87330905
NC_059450.1	278581	283581	LOC106610585	NC_059450.1	278581	283581	AX-87484043
NC_059450.1	294697	295126	LOC106610585	NC_059450.1	294697	299697	AX-87258929
NC_059450.1	261723	266723	LOC106610585	NC_059450.1	261723	266723	AX-87193645
NC_059450.1	23901953	23902860	six1a	NC_059450.1	23901953	23906953	AX-87804891
NC_059450.1	23902781	23902860	six1a	NC_059450.1	23902781	23907781	AX-87005183
NC_059450.1	23911392	23916392	six4a	NC_059450.1	23911392	23916392	AX-87522853
NC_059450.1	23919237	23924237	mnat1	NC_059450.1	23919237	23924237	AX-86991079
NC_059450.1	23982417	23987417	slc38a6	NC_059450.1	23982417	23987417	AX-87315609
NC_059450.1	24190641	24194534	si:dkeyp-118h9.7	NC_059450.1	24190641	24195641	AX-87142542
NC_059450.1	24190641	24195641	LOC106610968	NC_059450.1	24190641	24195641	AX-87142542
NC_059450.1	253279	253401	LOC123724178	NC_059450.1	248506	253506	AX-87330905
NC_059450.1	27006169	27009193	LOC106611118	NC_059450.1	27004193	27009193	AX-87369784
NC_059450.1	27023143	27028143	LOC106611118	NC_059450.1	27023143	27028143	AX-87719521
NC_059450.1	280965	281036	LOC123724172	NC_059450.1	278581	283581	AX-87484043
NC_059450.1	296774	299697	wdr20a	NC_059450.1	294697	299697	AX-87258929
NC_059450.1	71148627	71153627	LOC106611722	NC_059450.1	71148627	71153627	AX-86958273
NC_059450.1	71160712	71165712	LOC106611722	NC_059450.1	71160712	71165712	AX-87497364
NC_059450.1	71385812	71390812	LOC106611717	NC_059450.1	71385812	71390812	AX-87251457
NC_059451.1	115620697	115625697	LOC106561633	NC_059451.1	115620697	115625697	AX-87408424
NC_059451.1	117838293	117843293	LOC106561692	NC_059451.1	117838293	117843293	AX-87856382
NC_059451.1	18334917	18336743	LOC106613674	NC_059451.1	18334917	18339917	AX-86906040
NC_059451.1	18336049	18339917	LOC106613675	NC_059451.1	18334917	18339917	AX-86906040
NC_059451.1	18358924	18362621	LOC123724386	NC_059451.1	18357921	18362921	AX-87222921
NC_059451.1	18377969	18382969	LOC106613679	NC_059451.1	18377969	18382969	AX-87551302
NC_059451.1	18474197	18479197	cherp	NC_059451.1	18474197	18479197	AX-87515875
NC_059451.1	18474329	18479329	cherp	NC_059451.1	18474329	18479329	AX-87591613
NC_059451.1	18504456	18507319	LOC106613684	NC_059451.1	18504456	18509456	AX-87300967
NC_059451.1	18507468	18509456	LOC106613682	NC_059451.1	18504456	18509456	AX-87300967
NC_059451.1	21957863	21962863	zbtb7a	NC_059451.1	21957863	21962863	AX-87266824
NC_059451.1	23745401	23749590	sema6bb	NC_059451.1	23745401	23750401	AX-87203378
NC_059451.1	23746300	23749590	sema6bb	NC_059451.1	23746300	23751300	AX-87809338
NC_059451.1	25019417	25024417	osbpl1a	NC_059451.1	25019417	25024417	AX-87439405
NC_059451.1	25020013	25025013	osbpl1a	NC_059451.1	25020013	25025013	AX-87087915
NC_059451.1	25018334	25023334	osbpl1a	NC_059451.1	25018334	25023334	AX-87495791
NC_059451.1	70780010	70782862	rbpms2a	NC_059451.1	70777862	70782862	AX-87594018
NC_059451.1	9976476	9981476	LOC106613490	NC_059451.1	9976476	9981476	AX-87146607
NC_059452.1	1072129	1077129	wdr43	NC_059452.1	1072129	1077129	AX-87357112
NC_059452.1	1074663	1077742	wdr43	NC_059452.1	1074663	1079663	AX-87153621
NC_059452.1	1075234	1077742	wdr43	NC_059452.1	1075234	1080234	AX-87120632
NC_059452.1	1097657	1098394	trmt61b	NC_059452.1	1093394	1098394	AX-87596040
NC_059452.1	1097657	1098497	trmt61b	NC_059452.1	1093497	1098497	AX-87360868
NC_059452.1	1097657	1098612	trmt61b	NC_059452.1	1093612	1098612	AX-86989621
NC_059452.1	1139053	1144053	LOC106561878	NC_059452.1	1139053	1144053	AX-87348314
NC_059452.1	1173872	1178872	LOC106561878	NC_059452.1	1173872	1178872	AX-87493337
NC_059452.1	1160852	1165852	LOC106561878	NC_059452.1	1160852	1165852	AX-87227899
NC_059452.1	1165100	1165232	LOC123725268	NC_059452.1	1160852	1165852	AX-87227899
NC_059452.1	1175448	1175584	LOC123725325	NC_059452.1	1173872	1178872	AX-87493337
NC_059452.1	1176700	1176834	LOC123725269	NC_059452.1	1173872	1178872	AX-87493337
NC_059452.1	13753693	13758693	si:ch211-186j3.6	NC_059452.1	13753693	13758693	AX-87527152
NC_059452.1	16330352	16332215	LOC106562146	NC_059452.1	16330352	16335352	AX-87346028
NC_059452.1	16330457	16332215	LOC106562146	NC_059452.1	16330457	16335457	AX-87609621
NC_059452.1	16356068	16361068	LOC106562145	NC_059452.1	16356068	16361068	AX-87470548
NC_059452.1	16358188	16363188	LOC106562145	NC_059452.1	16358188	16363188	AX-87156602
NC_059452.1	20690999	20695280	tex9	NC_059452.1	20690280	20695280	AX-87254893
NC_059452.1	20691379	20696379	tex9	NC_059452.1	20691379	20696379	AX-87868375
NC_059452.1	20691165	20695280	LOC106562254	NC_059452.1	20690280	20695280	AX-87254893
NC_059452.1	20691379	20695734	LOC106562254	NC_059452.1	20691379	20696379	AX-87868375
NC_059452.1	20759244	20764244	LOC106562216	NC_059452.1	20759244	20764244	AX-87256687
NC_059452.1	20985666	20988661	LOC106562230	NC_059452.1	20985666	20990666	AX-87095882
NC_059452.1	20985780	20988661	LOC106562230	NC_059452.1	20985780	20990780	AX-87599392
NC_059452.1	20989915	20990666	LOC106562256	NC_059452.1	20985666	20990666	AX-87095882
NC_059452.1	20989915	20990780	LOC106562256	NC_059452.1	20985780	20990780	AX-87599392
NC_059452.1	21020472	21025472	LOC106562234	NC_059452.1	21020472	21025472	AX-87261075
NC_059452.1	21057577	21062577	LOC106562236	NC_059452.1	21057577	21062577	AX-87531343
NC_059452.1	21057770	21062770	LOC106562236	NC_059452.1	21057770	21062770	AX-87211412
NC_059452.1	21061386	21065304	LOC106562236	NC_059452.1	21061386	21066386	AX-87349702
NC_059452.1	21061539	21065304	LOC106562236	NC_059452.1	21061539	21066539	AX-87179163
NC_059452.1	21064037	21065304	LOC106562236	NC_059452.1	21064037	21069037	AX-87458625
NC_059452.1	21066131	21066386	LOC106562235	NC_059452.1	21061386	21066386	AX-87349702
NC_059452.1	21066131	21066539	LOC106562235	NC_059452.1	21061539	21066539	AX-87179163
NC_059452.1	21066131	21069037	LOC106562235	NC_059452.1	21064037	21069037	AX-87458625
NC_059452.1	21066213	21071213	LOC106562235	NC_059452.1	21066213	21071213	AX-87126998
NC_059452.1	21066927	21071927	LOC106562235	NC_059452.1	21066927	21071927	AX-87752089
NC_059452.1	21069397	21071973	LOC106562235	NC_059452.1	21069397	21074397	AX-87383736
NC_059452.1	21183186	21188186	LOC106562260	NC_059452.1	21183186	21188186	AX-87546794
NC_059452.1	21237534	21240511	LOC106562244	NC_059452.1	21237534	21242534	AX-87527200
NC_059452.1	21242229	21242534	LOC106562245	NC_059452.1	21237534	21242534	AX-87527200
NC_059452.1	21243865	21246431	LOC106562245	NC_059452.1	21243865	21248865	AX-87047761
NC_059452.1	21243884	21246431	LOC106562245	NC_059452.1	21243884	21248884	AX-87810281
NC_059452.1	21245345	21246431	LOC106562245	NC_059452.1	21245345	21250345	AX-87306559
NC_059452.1	21256579	21257447	LOC100195281	NC_059452.1	21252447	21257447	AX-87349872
NC_059452.1	21256579	21257525	LOC100195281	NC_059452.1	21252525	21257525	AX-87441482
NC_059452.1	81731970	81736970	LOC106563268	NC_059452.1	81731970	81736970	AX-86999211
NC_059452.1	84199628	84204628	enp2	NC_059452.1	84199628	84204628	AX-87443239
NC_059452.1	9607451	9612451	dgkza	NC_059452.1	9607451	9612451	AX-87425220
NC_059453.1	101507956	101512956	LOC106566274	NC_059453.1	101507956	101512956	AX-87529731
NC_059453.1	101507956	101511028	LOC106566273	NC_059453.1	101507956	101512956	AX-87529731
NC_059453.1	37061128	37062738	ttbk1a	NC_059453.1	37061128	37066128	AX-87699737
NC_059453.1	52135408	52140408	LOC106565300	NC_059453.1	52135408	52140408	AX-86992348
NC_059453.1	52153037	52158037	LOC106565300	NC_059453.1	52153037	52158037	AX-87206359
NC_059453.1	52153626	52158626	LOC106565300	NC_059453.1	52153626	52158626	AX-87733736
NC_059453.1	52168818	52173818	LOC106565300	NC_059453.1	52168818	52173818	AX-87295902
NC_059453.1	52170505	52175505	LOC106565300	NC_059453.1	52170505	52175505	AX-87673343
NC_059453.1	52133651	52138651	LOC106565300	NC_059453.1	52133651	52138651	AX-87074947
NC_059453.1	52406204	52411204	LOC106565161	NC_059453.1	52406204	52411204	AX-87685361
NC_059453.1	52415240	52419567	LOC106565161	NC_059453.1	52415240	52420240	AX-87290052
NC_059453.1	74942880	74944477	synpra	NC_059453.1	74942880	74947880	AX-87834771
NC_059453.1	74945151	74945755	LOC123725636	NC_059453.1	74942880	74947880	AX-87834771
NC_059453.1	8391370	8394429	LOC123725399	NC_059453.1	8391370	8396370	AX-87654393
NC_059453.1	8395852	8396370	LOC123725400	NC_059453.1	8391370	8396370	AX-87654393
NC_059454.1	102182760	102183065	LOC123726109	NC_059454.1	102182760	102187760	AX-87587998
NC_059454.1	102214740	102217795	LOC106568442	NC_059454.1	102212795	102217795	AX-87717278
NC_059454.1	102284310	102289310	LOC106568442	NC_059454.1	102284310	102289310	AX-87313061
NC_059454.1	102335990	102339694	pdl1	NC_059454.1	102334694	102339694	AX-86969310
NC_059454.1	102335990	102338907	pdl1	NC_059454.1	102333907	102338907	AX-87422409
NC_059454.1	19267230	19272230	LOC106566583	NC_059454.1	19267230	19272230	AX-87725044
NC_059454.1	24484259	24489259	LOC106566735	NC_059454.1	24484259	24489259	AX-87176538
NC_059454.1	26925823	26930823	sema3bl	NC_059454.1	26925823	26930823	AX-87188812
NC_059454.1	26926928	26931928	sema3bl	NC_059454.1	26926928	26931928	AX-86905310
NC_059454.1	42571036	42576036	znf385a	NC_059454.1	42571036	42576036	AX-86928116
NC_059454.1	42926523	42927108	l1cama	NC_059454.1	42926523	42931523	AX-87106739
NC_059454.1	42923722	42927108	l1cama	NC_059454.1	42923722	42928722	AX-87158204
NC_059454.1	42923869	42927108	l1cama	NC_059454.1	42923869	42928869	AX-87757591
NC_059454.1	42961584	42966584	huwe1	NC_059454.1	42961584	42966584	AX-87769999
NC_059454.1	43266108	43269805	LOC106567019	NC_059454.1	43266108	43271108	AX-87511793
NC_059454.1	43347116	43352116	LOC106567018	NC_059454.1	43347116	43352116	AX-87207604
NC_059454.1	58748206	58750796	LOC106567511	NC_059454.1	58748206	58753206	AX-86918188
NC_059454.1	59336017	59341017	LOC106567519	NC_059454.1	59336017	59341017	AX-87791057
NC_059454.1	59336042	59341042	LOC106567519	NC_059454.1	59336042	59341042	AX-86964793
NC_059454.1	59407036	59411152	LOC106567520	NC_059454.1	59407036	59412036	AX-87437237
NC_059454.1	59443396	59448396	LOC106567521	NC_059454.1	59443396	59448396	AX-87251266
NC_059454.1	59739560	59742928	LOC106567522	NC_059454.1	59737928	59742928	AX-87438470
NC_059454.1	59755234	59760234	LOC106567522	NC_059454.1	59755234	59760234	AX-87155548
NC_059454.1	59755722	59760722	LOC106567522	NC_059454.1	59755722	59760722	AX-87480174
NC_059454.1	79733298	79738298	LOC106567954	NC_059454.1	79733298	79738298	AX-87405905
NC_059454.1	91009996	91012943	LOC106568228	NC_059454.1	91007943	91012943	AX-87515342
NC_059454.1	91116800	91118358	LOC106568223	NC_059454.1	91116800	91121800	AX-87474032
NC_059454.1	91119132	91121800	LOC106568222	NC_059454.1	91116800	91121800	AX-87474032
NC_059454.1	92132869	92137769	LOC106568190	NC_059454.1	92132769	92137769	AX-87040890
NC_059455.1	101742857	101747857	LOC106570773	NC_059455.1	101742857	101747857	AX-87261485
NC_059455.1	25608488	25610711	LOC106569220	NC_059455.1	25607218	25612218	AX-87510076
NC_059455.1	26408698	26412517	LOC106569201	NC_059455.1	26408698	26413698	AX-87684851
NC_059455.1	26412732	26413698	LOC106569200	NC_059455.1	26408698	26413698	AX-87684851
NC_059455.1	34474700	34477888	apol1	NC_059455.1	34472888	34477888	AX-87784288
NC_059455.1	34484203	34488446	apol1	NC_059455.1	34484203	34489203	AX-87786535
NC_059455.1	34474700	34475394	apol1	NC_059455.1	34470394	34475394	AX-86939607
NC_059455.1	34517254	34519941	LOC106569421	NC_059455.1	34517254	34522254	AX-86961998
NC_059455.1	34521802	34522254	LOC106569367	NC_059455.1	34517254	34522254	AX-86961998
NC_059455.1	34566343	34571343	LOC106569365	NC_059455.1	34566343	34571343	AX-87107850
NC_059455.1	34843762	34848673	acin1a	NC_059455.1	34843673	34848673	AX-87199955
NC_059455.1	40401074	40402888	LOC106569679	NC_059455.1	40401021	40406021	AX-87662186
NC_059455.1	40438494	40441084	LOC106569667	NC_059455.1	40438494	40443494	AX-87541534
NC_059455.1	40431960	40436960	LOC106569667	NC_059455.1	40431960	40436960	AX-87372947
NC_059455.1	58248513	58253420	LOC106570085	NC_059455.1	58248513	58253513	AX-87619310
NC_059455.1	58250628	58253420	LOC106570085	NC_059455.1	58250628	58255628	AX-87763494
NC_059455.1	58269201	58274201	LOC106570084	NC_059455.1	58269201	58274201	AX-87125726
NC_059455.1	58291669	58296669	LOC106570083	NC_059455.1	58291669	58296669	AX-87741955
NC_059455.1	62880337	62881969	LOC106570010	NC_059455.1	62880337	62885337	AX-87305623
NC_059455.1	62884711	62889711	LOC106570008	NC_059455.1	62884711	62889711	AX-87856782
NC_059455.1	62884896	62889896	LOC106570008	NC_059455.1	62884896	62889896	AX-87697991
NC_059455.1	62887140	62891699	LOC106570008	NC_059455.1	62887140	62892140	AX-87351378
NC_059455.1	62890149	62891699	LOC106570008	NC_059455.1	62890149	62895149	AX-87222857
NC_059455.1	62882812	62885337	LOC106570008	NC_059455.1	62880337	62885337	AX-87305623
NC_059455.1	62891805	62892140	LOC106570009	NC_059455.1	62887140	62892140	AX-87351378
NC_059455.1	62891805	62895149	LOC106570009	NC_059455.1	62890149	62895149	AX-87222857
NC_059455.1	62895031	62900031	LOC106570009	NC_059455.1	62895031	62900031	AX-86935474
NC_059455.1	62895158	62900158	LOC106570009	NC_059455.1	62895158	62900158	AX-87207984
NC_059455.1	62896647	62901552	LOC106570009	NC_059455.1	62896647	62901647	AX-87428320
NC_059455.1	62954556	62959556	LOC100380519	NC_059455.1	62954556	62959556	AX-86917602
NC_059455.1	62954556	62959556	LOC123726754	NC_059455.1	62954556	62959556	AX-86917602
NC_059455.1	74805867	74810867	LOC106570299	NC_059455.1	74805867	74810867	AX-87058040
NC_059455.1	74904319	74905153	LOC106570295	NC_059455.1	74904319	74909319	AX-87687646
NC_059455.1	77060529	77064790	LOC106570322	NC_059455.1	77060529	77065529	AX-87428626
NC_059455.1	77065266	77065529	LOC106570333	NC_059455.1	77060529	77065529	AX-87428626
NC_059455.1	78028231	78033231	LOC106570346	NC_059455.1	78028231	78033231	AX-87106218
NC_059455.1	78211310	78215820	LOC106570351	NC_059455.1	78211310	78216310	AX-87014860
NC_059455.1	78290931	78295931	LOC106570353	NC_059455.1	78290931	78295931	AX-87819806
NC_059455.1	78321064	78326064	LOC106570356	NC_059455.1	78321064	78326064	AX-87708969
NC_059455.1	78421900	78426900	LOC106570358	NC_059455.1	78421900	78426900	AX-86998063
NC_059455.1	78702605	78707605	LOC106570361	NC_059455.1	78702605	78707605	AX-87759857
NC_059455.1	78659130	78664130	LOC106570361	NC_059455.1	78659130	78664130	AX-87330611
NC_059455.1	88907415	88908159	LOC123726857	NC_059455.1	88907415	88912415	AX-87183661
NC_059455.1	95896530	95901530	LOC106570721	NC_059455.1	95896530	95901530	AX-87621557
NC_059456.1	37114294	37115166	LOC106571367	NC_059456.1	37110166	37115166	AX-87685873
NC_059456.1	37114294	37116092	LOC106571367	NC_059456.1	37111092	37116092	AX-87162407
NC_059456.1	37114294	37116132	LOC106571367	NC_059456.1	37111132	37116132	AX-86990048
NC_059456.1	37114294	37116209	LOC106571367	NC_059456.1	37111209	37116209	AX-87516726
NC_059456.1	40509815	40514815	vash2	NC_059456.1	40509815	40514815	AX-87787446
NC_059456.1	40521288	40526288	vash2	NC_059456.1	40521288	40526288	AX-87726040
NC_059456.1	40682398	40687398	ehd3	NC_059456.1	40682398	40687398	AX-87294082
NC_059456.1	40692127	40697127	ehd3	NC_059456.1	40692127	40697127	AX-87621069
NC_059456.1	40880808	40885808	LOC106571433	NC_059456.1	40880808	40885808	AX-87271864
NC_059456.1	44801212	44806212	LOC106571714	NC_059456.1	44801212	44806212	AX-86959499
NC_059456.1	45541839	45546839	brf1b	NC_059456.1	45541839	45546839	AX-87601445
NC_059456.1	45548809	45553809	brf1b	NC_059456.1	45548809	45553809	AX-87701736
NC_059456.1	45550985	45555985	brf1b	NC_059456.1	45550985	45555985	AX-87159104
NC_059456.1	45552750	45553809	LOC106571709	NC_059456.1	45548809	45553809	AX-87701736
NC_059456.1	45552750	45555985	LOC106571709	NC_059456.1	45550985	45555985	AX-87159104
NC_059456.1	45583489	45587768	LOC106571707	NC_059456.1	45583489	45588489	AX-87584269
NC_059456.1	45592200	45597200	LOC106571706	NC_059456.1	45592200	45597200	AX-87217165
NC_059456.1	45624344	45629344	LOC106571705	NC_059456.1	45624344	45629344	AX-87704656
NC_059456.1	45746045	45751045	ppp4r4	NC_059456.1	45746045	45751045	AX-87372492
NC_059456.1	45925983	45928728	LOC106571696	NC_059456.1	45925983	45930983	AX-87767281
NC_059456.1	46194057	46199057	btbd7	NC_059456.1	46194057	46199057	AX-87390484
NC_059456.1	46196992	46201992	btbd7	NC_059456.1	46196992	46201992	AX-87697528
NC_059456.1	46276331	46281331	btbd7	NC_059456.1	46276331	46281331	AX-86965185
NC_059456.1	46277721	46282721	btbd7	NC_059456.1	46277721	46282721	AX-87811809
NC_059456.1	46310173	46310945	btbd7	NC_059456.1	46310173	46315173	AX-87758798
NC_059456.1	46199376	46204376	btbd7	NC_059456.1	46199376	46204376	AX-87285371
NC_059456.1	46202481	46207481	btbd7	NC_059456.1	46202481	46207481	AX-87334386
NC_059456.1	46311551	46315173	ubr7	NC_059456.1	46310173	46315173	AX-87758798
NC_059456.1	46323268	46328268	ubr7	NC_059456.1	46323268	46328268	AX-87273047
NC_059456.1	46324169	46329169	ubr7	NC_059456.1	46324169	46329169	AX-87594173
NC_059456.1	46411804	46416804	itpk1a	NC_059456.1	46411804	46416804	AX-87850531
NC_059456.1	46440598	46443326	chga	NC_059456.1	46438326	46443326	AX-87085830
NC_059456.1	46530914	46535914	si:dkey-177p2.18	NC_059456.1	46530914	46535914	AX-87448744
NC_059456.1	46536685	46541685	si:dkey-177p2.18	NC_059456.1	46536685	46541685	AX-87648837
NC_059456.1	46547714	46548372	si:dkey-177p2.18	NC_059456.1	46547714	46552714	AX-87709514
NC_059456.1	46548618	46549947	LOC106571722	NC_059456.1	46547714	46552714	AX-87709514
NC_059456.1	46580176	46585176	LOC106571688	NC_059456.1	46580176	46585176	AX-87143234
NC_059456.1	46685840	46686707	cdca4	NC_059456.1	46681707	46686707	AX-87374061
NC_059456.1	46685840	46687931	cdca4	NC_059456.1	46682931	46687931	AX-87422565
NC_059456.1	46685840	46687941	cdca4	NC_059456.1	46682941	46687941	AX-87224266
NC_059456.1	46685840	46688044	cdca4	NC_059456.1	46683044	46688044	AX-87073992
NC_059456.1	46685840	46688165	cdca4	NC_059456.1	46683165	46688165	AX-87453015
NC_059456.1	46685840	46688283	cdca4	NC_059456.1	46683283	46688283	AX-87866865
NC_059456.1	46691453	46695124	cdca4	NC_059456.1	46691453	46696453	AX-87059294
NC_059456.1	46704328	46707789	si:dkey-177p2.6	NC_059456.1	46702789	46707789	AX-87407975
NC_059456.1	46704328	46707854	si:dkey-177p2.6	NC_059456.1	46702854	46707854	AX-87602561
NC_059456.1	66730070	66733026	LOC100286410	NC_059456.1	66728026	66733026	AX-87075878
NC_059456.1	67008126	67013126	LOC106571968	NC_059456.1	67008126	67013126	AX-87445326
NC_059456.1	67141674	67146674	LOC106571978	NC_059456.1	67141674	67146674	AX-87635364
NC_059456.1	67226286	67231286	LOC106571976	NC_059456.1	67226286	67231286	AX-87167414
NC_059456.1	67243712	67248559	LOC106571974	NC_059456.1	67243559	67248559	AX-86984345
NC_059456.1	67261902	67266902	LOC106571974	NC_059456.1	67261902	67266902	AX-87755275
NC_059456.1	67286128	67291128	LOC106571974	NC_059456.1	67286128	67291128	AX-87313184
NC_059456.1	71667972	71670533	tafa5l	NC_059456.1	71667972	71672972	AX-87381106
NC_059456.1	71669644	71670533	tafa5l	NC_059456.1	71669644	71674644	AX-87591994
NC_059456.1	79921640	79926640	LOC106572032	NC_059456.1	79921640	79926640	AX-87337774
NC_059456.1	79941408	79945418	LOC106572032	NC_059456.1	79941408	79946408	AX-87667045
NC_059456.1	79941412	79945418	LOC106572032	NC_059456.1	79941412	79946412	AX-87337128
NC_059456.1	79934280	79939280	LOC106572032	NC_059456.1	79934280	79939280	AX-87473101
NC_059456.1	79936696	79941696	LOC106572032	NC_059456.1	79936696	79941696	AX-87763290
NC_059456.1	79954020	79959020	nr1h4	NC_059456.1	79954020	79959020	AX-86940818
NC_059456.1	79954949	79959949	nr1h4	NC_059456.1	79954949	79959949	AX-87814654
NC_059456.1	81136558	81141558	LOC106571997	NC_059456.1	81136558	81141558	AX-87598705
NC_059456.1	88373811	88373946	LOC106572516	NC_059456.1	88373811	88378811	AX-87778429
NC_059456.1	88374232	88378811	csrnp2	NC_059456.1	88373811	88378811	AX-87778429
NC_059456.1	88956571	88959576	LOC106572568	NC_059456.1	88954576	88959576	AX-87085640
NC_059457.1	1277176	1282176	LOC106573022	NC_059457.1	1277176	1282176	AX-87754779
NC_059457.1	1755842	1760842	LOC106573025	NC_059457.1	1755842	1760842	AX-87697011
NC_059457.1	28101856	28106856	LOC106573506	NC_059457.1	28101856	28106856	AX-87699904
NC_059457.1	34562393	34567393	LOC106573687	NC_059457.1	34562393	34567393	AX-86949293
NC_059457.1	34601618	34606618	plcg2	NC_059457.1	34601618	34606618	AX-87852089
NC_059457.1	75967816	75971606	p2ry8	NC_059457.1	75967816	75972816	AX-87335898
NC_059457.1	75971481	75971606	p2ry8	NC_059457.1	75971481	75976481	AX-87688336
NC_059457.1	75971613	75972816	LOC106574665	NC_059457.1	75967816	75972816	AX-87335898
NC_059457.1	75971613	75976481	LOC106574665	NC_059457.1	75971481	75976481	AX-87688336
NC_059457.1	76109922	76114922	LOC106574706	NC_059457.1	76109922	76114922	AX-87293588
NC_059458.1	17887000	17889782	LOC100196679	NC_059458.1	17884782	17889782	AX-87341284
NC_059458.1	24649307	24654307	LOC106575631	NC_059458.1	24649307	24654307	AX-86911419
NC_059458.1	34303476	34307196	LOC106592739	NC_059458.1	34303476	34308476	AX-87230278
NC_059458.1	34303476	34304546	LOC123728203	NC_059458.1	34303476	34308476	AX-87230278
NC_059458.1	70933993	70938993	LOC106609610	NC_059458.1	70933993	70938993	AX-87288046
NC_059458.1	9981673	9984114	plcc	NC_059458.1	9979114	9984114	AX-87172817
NC_059458.1	9981673	9984896	plcc	NC_059458.1	9979896	9984896	AX-87813081
NC_059458.1	9981673	9985067	plcc	NC_059458.1	9980067	9985067	AX-87595547
NC_059458.1	9981673	9985480	plcc	NC_059458.1	9980480	9985480	AX-87583564
NC_059458.1	9983831	9988831	plcc	NC_059458.1	9983831	9988831	AX-87795958
NC_059459.1	25383189	25388189	LOC106577124	NC_059459.1	25383189	25388189	AX-86904631
NC_059459.1	2897260	2898550	wdr11	NC_059459.1	2893550	2898550	AX-87473055
NC_059459.1	2897260	2898562	wdr11	NC_059459.1	2893562	2898562	AX-87107629
NC_059459.1	2972727	2977727	wdr11	NC_059459.1	2972727	2977727	AX-87121398
NC_059459.1	35290413	35295413	LOC106577322	NC_059459.1	35290413	35295413	AX-87343544
NC_059459.1	42291905	42296905	LOC106613940	NC_059459.1	42291905	42296905	AX-87677815
NC_059459.1	44875343	44880343	LOC106577298	NC_059459.1	44875343	44880343	AX-86922310
NC_059459.1	49610698	49615698	LOC106577460	NC_059459.1	49610698	49615698	AX-87862730
NC_059459.1	50381741	50383211	LOC106577456	NC_059459.1	50381741	50386741	AX-87363529
NC_059459.1	50279626	50284626	LOC106577456	NC_059459.1	50279626	50284626	AX-86932022
NC_059459.1	50867084	50872084	LOC106577444	NC_059459.1	50867084	50872084	AX-86965338
NC_059459.1	50899706	50904706	LOC106577444	NC_059459.1	50899706	50904706	AX-87739140
NC_059459.1	50851648	50856648	LOC106577444	NC_059459.1	50851648	50856648	AX-87568050
NC_059459.1	50851785	50856785	LOC106577444	NC_059459.1	50851785	50856785	AX-87548168
NC_059459.1	51058297	51063297	LOC106577443	NC_059459.1	51058297	51063297	AX-87584775
NC_059459.1	51063190	51068190	LOC106577443	NC_059459.1	51063190	51068190	AX-87137701
NC_059459.1	51084446	51088035	LOC106577443	NC_059459.1	51084446	51089446	AX-87860301
NC_059459.1	52842125	52847125	LOC106577482	NC_059459.1	52842125	52847125	AX-87602272
NC_059459.1	5854459	5855756	LOC123728792	NC_059459.1	5850756	5855756	AX-87083394
NC_059459.1	8025388	8027689	LOC106576814	NC_059459.1	8022689	8027689	AX-87249849
NC_059459.1	8029704	8030373	LOC106576814	NC_059459.1	8029704	8034704	AX-87645166
NC_059459.1	8078609	8079580	LOC106576813	NC_059459.1	8074580	8079580	AX-87490065
NC_059459.1	8078609	8079817	LOC106576813	NC_059459.1	8074817	8079817	AX-87836428
NC_059460.1	66939639	66944639	cpn1	NC_059460.1	66939639	66944639	AX-87067819
NC_059460.1	78065728	78068996	LOC106579614	NC_059460.1	78065728	78070728	AX-86974376
NC_059460.1	80534471	80539471	LOC106579688	NC_059460.1	80534471	80539471	AX-87616407
NC_059460.1	80588157	80592202	LOC106579687	NC_059460.1	80587202	80592202	AX-87129066
NC_059460.1	80599408	80604408	LOC106579687	NC_059460.1	80599408	80604408	AX-87739741
NC_059460.1	80777266	80779878	LOC106579686	NC_059460.1	80774878	80779878	AX-87459173
NC_059460.1	80799914	80804102	LOC106579696	NC_059460.1	80799102	80804102	AX-87049968
NC_059461.1	18530569	18535569	LOC106579993	NC_059461.1	18530569	18535569	AX-87760372
NC_059461.1	18552893	18557893	LOC106579993	NC_059461.1	18552893	18557893	AX-86942273
NC_059461.1	18553582	18558582	LOC106579993	NC_059461.1	18553582	18558582	AX-87263742
NC_059461.1	18554092	18559092	LOC106579993	NC_059461.1	18554092	18559092	AX-87432813
NC_059461.1	18511033	18516033	LOC106579993	NC_059461.1	18511033	18516033	AX-87697956
NC_059461.1	18478688	18483688	LOC106579993	NC_059461.1	18478688	18483688	AX-87200943
NC_059461.1	20733729	20736996	LOC106580215	NC_059461.1	20731996	20736996	AX-87345077
NC_059461.1	21171379	21176379	LOC106579924	NC_059461.1	21171379	21176379	AX-87620754
NC_059461.1	21181270	21181790	LOC106579924	NC_059461.1	21181270	21186270	AX-87779024
NC_059461.1	21188920	21193920	LOC106579922	NC_059461.1	21188920	21193920	AX-87393045
NC_059461.1	21193338	21198338	LOC106579922	NC_059461.1	21193338	21198338	AX-87227454
NC_059461.1	21197315	21202315	LOC106579922	NC_059461.1	21197315	21202315	AX-87390831
NC_059461.1	45207175	45212175	LOC106580677	NC_059461.1	45207175	45212175	AX-87667541
NC_059461.1	45211106	45213979	LOC106580677	NC_059461.1	45211106	45216106	AX-87483844
NC_059461.1	45213448	45213979	LOC106580677	NC_059461.1	45213448	45218448	AX-87282407
NC_059461.1	45216103	45216106	LOC106580678	NC_059461.1	45211106	45216106	AX-87483844
NC_059461.1	45216103	45218448	LOC106580678	NC_059461.1	45213448	45218448	AX-87282407
NC_059461.1	45226962	45231962	LOC106580678	NC_059461.1	45226962	45231962	AX-87334497
NC_059461.1	45228489	45233489	LOC106580678	NC_059461.1	45228489	45233489	AX-87654152
NC_059461.1	45228563	45233563	LOC106580678	NC_059461.1	45228563	45233563	AX-87468644
NC_059461.1	45230332	45235332	LOC106580678	NC_059461.1	45230332	45235332	AX-87069520
NC_059461.1	45238240	45240275	LOC106580678	NC_059461.1	45238240	45243240	AX-87437543
NC_059461.1	45238494	45240275	LOC106580678	NC_059461.1	45238494	45243494	AX-86960849
NC_059461.1	45240766	45243240	mmp28	NC_059461.1	45238240	45243240	AX-87437543
NC_059461.1	45240766	45243494	mmp28	NC_059461.1	45238494	45243494	AX-86960849
NC_059461.1	51933039	51936666	LOC106580757	NC_059461.1	51933039	51938039	AX-87289983
NC_059461.1	51935033	51936666	LOC106580757	NC_059461.1	51935033	51940033	AX-87789443
NC_059461.1	51954166	51954287	LOC106580758	NC_059461.1	51954166	51959166	AX-87452406
NC_059461.1	51955101	51959166	LOC100195029	NC_059461.1	51954166	51959166	AX-87452406
NC_059461.1	51955101	51959689	LOC100195029	NC_059461.1	51954689	51959689	AX-86926095
NC_059461.1	51955770	51960770	LOC100195029	NC_059461.1	51955770	51960770	AX-87596247
NC_059461.1	51956273	51961273	LOC100195029	NC_059461.1	51956273	51961273	AX-87192239
NC_059461.1	51956628	51961628	LOC100195029	NC_059461.1	51956628	51961628	AX-87573508
NC_059461.1	51989261	51991492	LOC106580760	NC_059461.1	51986492	51991492	AX-87253080
NC_059461.1	52210085	52215085	LOC106580770	NC_059461.1	52210085	52215085	AX-87309583
NC_059461.1	52265619	52270448	LOC106580770	NC_059461.1	52265619	52270619	AX-87340256
NC_059461.1	52229140	52234140	LOC106580770	NC_059461.1	52229140	52234140	AX-87753513
NC_059461.1	52245929	52250929	LOC106580770	NC_059461.1	52245929	52250929	AX-87542923
NC_059461.1	59342489	59342889	LOC106580960	NC_059461.1	59337889	59342889	AX-87492154
NC_059461.1	59349050	59349968	LOC106580961	NC_059461.1	59349050	59354050	AX-87600698
NC_059461.1	59350813	59354050	LOC106580958	NC_059461.1	59349050	59354050	AX-87600698
NC_059461.1	90460355	90465355	gbe1b	NC_059461.1	90460355	90465355	AX-87660053
NC_059461.1	90436744	90441744	gbe1b	NC_059461.1	90436744	90441744	AX-87281170
NC_059461.1	90733161	90738161	cadm2b	NC_059461.1	90733161	90738161	AX-87720527
NC_059461.1	1058668	1063668	col4a4	NC_059461.1	1058668	1063668	AX-87595112
NC_059461.1	1105464	1110464	col4a4	NC_059461.1	1105464	1110464	AX-87012880
NC_059461.1	965620	970620	col4a4	NC_059461.1	965620	970620	AX-87445145
NC_059461.1	1064093	1069093	col4a4	NC_059461.1	1064093	1069093	AX-87652837
NC_059462.1	22574414	22579414	LOC106581943	NC_059462.1	22574414	22579414	AX-87396029
NC_059462.1	37426041	37431041	LOC123729570	NC_059462.1	37426041	37431041	AX-87761346
NC_059462.1	37459327	37464327	LOC123729570	NC_059462.1	37459327	37464327	AX-87836510
NC_059462.1	37475471	37480471	LOC123729570	NC_059462.1	37475471	37480471	AX-87412534
NC_059462.1	37550196	37555196	LOC123729570	NC_059462.1	37550196	37555196	AX-87277670
NC_059462.1	37583321	37588321	LOC123729570	NC_059462.1	37583321	37588321	AX-87816010
NC_059462.1	37658704	37663704	LOC106582292	NC_059462.1	37658704	37663704	AX-87044281
NC_059462.1	38499601	38504601	LOC106582299	NC_059462.1	38499601	38504601	AX-87218617
NC_059462.1	39060703	39065703	LOC106582301	NC_059462.1	39060703	39065703	AX-87861096
NC_059462.1	39081164	39086164	LOC106582301	NC_059462.1	39081164	39086164	AX-87485351
NC_059462.1	39082338	39087338	LOC106582301	NC_059462.1	39082338	39087338	AX-87300333
NC_059462.1	39106338	39111338	LOC106582301	NC_059462.1	39106338	39111338	AX-87223593
NC_059462.1	40430788	40435788	LOC106582309	NC_059462.1	40430788	40435788	AX-87055767
NC_059462.1	40632423	40632771	LOC106582352	NC_059462.1	40632423	40637423	AX-87143993
NC_059462.1	40632423	40637423	hspbap1	NC_059462.1	40632423	40637423	AX-87143993
NC_059462.1	40648929	40653929	hspbap1	NC_059462.1	40648929	40653929	AX-86955353
NC_059462.1	40721776	40726776	slc49a4	NC_059462.1	40721776	40726776	AX-87691553
NC_059462.1	40786542	40791542	LOC106582350	NC_059462.1	40786542	40791542	AX-86923893
NC_059462.1	41109460	41114460	pdia5	NC_059462.1	41109460	41114460	AX-87622850
NC_059462.1	49040744	49045218	LOC106582448	NC_059462.1	49040218	49045218	AX-87502626
NC_059462.1	49619448	49624448	LOC106582452	NC_059462.1	49619448	49624448	AX-86922506
NC_059462.1	49651127	49656127	LOC106582452	NC_059462.1	49651127	49656127	AX-87315523
NC_059463.1	12630128	12633544	LOC106582813	NC_059463.1	12630128	12635128	AX-87739382
NC_059463.1	12630443	12633544	LOC106582813	NC_059463.1	12630443	12635443	AX-87630099
NC_059463.1	12657565	12660093	fam83e	NC_059463.1	12655093	12660093	AX-87858675
NC_059463.1	60987050	60992050	slmapa	NC_059463.1	60987050	60992050	AX-87125895
NC_059463.1	60993632	60998632	slmapa	NC_059463.1	60993632	60998632	AX-87041389
NC_059464.1	1223668	1227305	LOC106583888	NC_059464.1	1222305	1227305	AX-87033704
NC_059464.1	1579573	1584573	LOC106583929	NC_059464.1	1579573	1584573	AX-87035916
NC_059464.1	1645182	1650182	hn1l	NC_059464.1	1645182	1650182	AX-87165759
NC_059464.1	1716542	1716962	LOC106583928	NC_059464.1	1716542	1721542	AX-87540092
NC_059464.1	1826370	1831086	LOC106583924	NC_059464.1	1826086	1831086	AX-87396853
NC_059464.1	1828009	1833009	LOC106583924	NC_059464.1	1828009	1833009	AX-87167834
NC_059464.1	2141514	2145593	LOC106583918	NC_059464.1	2141514	2146514	AX-87250774
NC_059464.1	2267292	2268200	LOC106583916	NC_059464.1	2267292	2272292	AX-87428471
NC_059464.1	2280809	2285809	LOC106583915	NC_059464.1	2280809	2285809	AX-87810107
NC_059464.1	2308500	2311773	LOC106583913	NC_059464.1	2306773	2311773	AX-87743413
NC_059464.1	2600359	2603486	LOC106583904	NC_059464.1	2598486	2603486	AX-87103270
NC_059464.1	2627234	2629041	LOC106583904	NC_059464.1	2627234	2632234	AX-87561113
NC_059464.1	2627508	2629041	LOC106583904	NC_059464.1	2627508	2632508	AX-86983773
NC_059464.1	2602293	2602347	LOC123729954	NC_059464.1	2598486	2603486	AX-87103270
NC_059464.1	26201005	26206005	LOC106584313	NC_059464.1	26201005	26206005	AX-86955987
NC_059464.1	26201527	26206527	LOC106584313	NC_059464.1	26201527	26206527	AX-87636241
NC_059464.1	2629161	2632234	mk03	NC_059464.1	2627234	2632234	AX-87561113
NC_059464.1	2629161	2632508	mk03	NC_059464.1	2627508	2632508	AX-86983773
NC_059464.1	2637888	2642888	mk03	NC_059464.1	2637888	2642888	AX-87421127
NC_059464.1	2945316	2950316	LOC106583936	NC_059464.1	2945316	2950316	AX-87873005
NC_059464.1	3031589	3031852	LOC106583938	NC_059464.1	3026852	3031852	AX-87235620
NC_059464.1	3113229	3118229	LOC106583942	NC_059464.1	3113229	3118229	AX-87734331
NC_059464.1	3119077	3124077	LOC106583942	NC_059464.1	3119077	3124077	AX-87730744
NC_059464.1	3112853	3117853	LOC106583942	NC_059464.1	3112853	3117853	AX-87681765
NC_059464.1	3273964	3278964	LOC106583946	NC_059464.1	3273964	3278964	AX-86929741
NC_059464.1	3378413	3383413	LOC106583948	NC_059464.1	3378413	3383413	AX-87715672
NC_059464.1	3378917	3383917	LOC106583948	NC_059464.1	3378917	3383917	AX-87829317
NC_059464.1	3380284	3385284	LOC106583948	NC_059464.1	3380284	3385284	AX-87565281
NC_059464.1	3494008	3499008	LOC106583948	NC_059464.1	3494008	3499008	AX-86979919
NC_059464.1	3485509	3490509	LOC106583948	NC_059464.1	3485509	3490509	AX-87411652
NC_059464.1	3510539	3515539	LOC106583930	NC_059464.1	3510539	3515539	AX-87795790
NC_059464.1	36363235	36368077	LOC106584536	NC_059464.1	36363235	36368235	AX-86919763
NC_059464.1	36368193	36368235	rfwd3	NC_059464.1	36363235	36368235	AX-86919763
NC_059464.1	3780953	3784465	LOC106583934	NC_059464.1	3779465	3784465	AX-87400914
NC_059464.1	3892368	3897368	adgrl4	NC_059464.1	3892368	3897368	AX-87709750
NC_059464.1	3928033	3928958	zranb2	NC_059464.1	3923958	3928958	AX-86944514
NC_059464.1	3928033	3931725	zranb2	NC_059464.1	3926725	3931725	AX-87391909
NC_059464.1	4169018	4169416	LOC106583953	NC_059464.1	4169018	4174018	AX-87385859
NC_059464.1	4169018	4174018	LOC106583955	NC_059464.1	4169018	4174018	AX-87385859
NC_059464.1	4848923	4853923	LOC106583966	NC_059464.1	4848923	4853923	AX-87194948
NC_059464.1	588304	590644	LOC106583873	NC_059464.1	585644	590644	AX-87583845
NC_059464.1	900304	905304	LOC106583882	NC_059464.1	900304	905304	AX-87168852
NC_059464.1	9541158	9545981	LOC106584031	NC_059464.1	9540981	9545981	AX-87402681
NC_059464.1	9686354	9691354	LOC106584032	NC_059464.1	9686354	9691354	AX-87789470
NC_059464.1	9633476	9638476	LOC106584032	NC_059464.1	9633476	9638476	AX-87454520
NC_059465.1	34693783	34694378	LOC123730366	NC_059465.1	34693783	34698783	AX-87082569
NC_059466.1	15835647	15840647	LOC106586258	NC_059466.1	15835647	15840647	AX-87332260
NC_059466.1	16911447	16916447	LOC106586277	NC_059466.1	16911447	16916447	AX-87702864
NC_059466.1	16952973	16954521	LOC106586277	NC_059466.1	16952973	16957973	AX-87346607
NC_059466.1	16976366	16981366	ahr2b	NC_059466.1	16976366	16981366	AX-87496608
NC_059466.1	17034655	17037199	LOC106586278	NC_059466.1	17032199	17037199	AX-86922480
NC_059466.1	17037041	17042041	LOC106586278	NC_059466.1	17037041	17042041	AX-87534000
NC_059466.1	17092510	17096462	LOC106586280	NC_059466.1	17091462	17096462	AX-87165101
NC_059466.1	17097693	17102693	LOC106586280	NC_059466.1	17097693	17102693	AX-87610168
NC_059466.1	17098316	17103316	LOC106586280	NC_059466.1	17098316	17103316	AX-87706835
NC_059466.1	17099677	17104677	LOC106586280	NC_059466.1	17099677	17104677	AX-87420603
NC_059466.1	17105656	17110656	LOC106586280	NC_059466.1	17105656	17110656	AX-87300496
NC_059466.1	17103957	17108957	LOC106586280	NC_059466.1	17103957	17108957	AX-87799207
NC_059466.1	17104690	17109690	LOC106586280	NC_059466.1	17104690	17109690	AX-87408975
NC_059466.1	17104814	17109814	LOC106586280	NC_059466.1	17104814	17109814	AX-87087873
NC_059466.1	33706688	33711688	LOC106586638	NC_059466.1	33706688	33711688	AX-87126744
NC_059466.1	41939480	41942824	LOC106586833	NC_059466.1	41939480	41944480	AX-87697398
NC_059467.1	10295868	10299736	LOC106587112	NC_059467.1	10295868	10300868	AX-86989589
NC_059467.1	11071516	11076516	LOC106587139	NC_059467.1	11071516	11076516	AX-87628498
NC_059467.1	19637191	19642191	LOC106587320	NC_059467.1	19637191	19642191	AX-87181404
NC_059467.1	35167198	35169196	ankdd1a	NC_059467.1	35167198	35172198	AX-87202596
NC_059467.1	41521354	41526354	LOC106592618	NC_059467.1	41521354	41526354	AX-87531018
NC_059467.1	4884132	4887714	otpb	NC_059467.1	4882714	4887714	AX-86978095
NC_059467.1	4884222	4889222	otpb	NC_059467.1	4884222	4889222	AX-87300404
NC_059467.1	4884448	4889448	otpb	NC_059467.1	4884448	4889448	AX-87425019
NC_059467.1	758165	763165	qsox2	NC_059467.1	758165	763165	AX-87128052
NC_059468.1	24831516	24833961	LOC106588787	NC_059468.1	24831461	24836461	AX-87426494
NC_059468.1	24836228	24836461	tomm7	NC_059468.1	24831461	24836461	AX-87426494
NC_059468.1	24842667	24843200	tomm7	NC_059468.1	24842667	24847667	AX-87284344
NC_059468.1	24837285	24842285	tomm7	NC_059468.1	24837285	24842285	AX-87532371
NC_059468.1	24843602	24847667	LOC106588800	NC_059468.1	24842667	24847667	AX-87284344
NC_059468.1	3739508	3741888	LOC106588214	NC_059468.1	3739136	3744136	AX-87819551
NC_059468.1	3741975	3743014	LOC123730952	NC_059468.1	3739136	3744136	AX-87819551
NC_059469.1	12479858	12484858	LOC106589493	NC_059469.1	12479858	12484858	AX-87162727
NC_059469.1	243770	248770	LOC106589259	NC_059469.1	243770	248770	AX-87366455
NC_059469.1	27137944	27142944	LOC106589779	NC_059469.1	27137944	27142944	AX-87315907
NC_059469.1	27138762	27143762	LOC106589779	NC_059469.1	27138762	27143762	AX-87540963
NC_059469.1	29131357	29136357	LOC106589831	NC_059469.1	29131357	29136357	AX-87552788
NC_059469.1	356787	361787	LOC106589174	NC_059469.1	356787	361787	AX-87060594
NC_059469.1	530242	535242	LOC106589263	NC_059469.1	530242	535242	AX-87858423
NC_059470.1	11002137	11007137	LOC106590128	NC_059470.1	11002137	11007137	AX-87322391
NC_059470.1	126582	131582	LOC106590032	NC_059470.1	126582	131582	AX-87176082
NC_059470.1	3364444	3366732	LOC106590041	NC_059470.1	3361732	3366732	AX-87649757
NC_059470.1	553890	554016	LOC106590019	NC_059470.1	549016	554016	AX-87193903
NC_059470.1	553890	558227	LOC106590019	NC_059470.1	553227	558227	AX-87278810
NC_059470.1	553890	558784	LOC106590019	NC_059470.1	553784	558784	AX-87771489
NC_059470.1	554411	559411	LOC106590019	NC_059470.1	554411	559411	AX-87324756
